"","ID","Description","GeneRatio","BgRatio","RichFactor","FoldEnrichment","zScore","pvalue","p.adjust","qvalue","geneID","Count"
"GO:0002237","GO:0002237","response to molecule of bacterial origin","57/1188","375/18860",0.152,2.41306397306397,7.16625783302188,5.15525440283842e-10,2.75909215639912e-06,2.38009955903677e-06,"CLDN1/PTGFR/OPRK1/BPI/S100A8/PRKCA/LYN/EPO/LCN2/IL12A/PDCD1LG2/SLPI/CASP1/DEFB124/GSTP1/PLCG2/IRF8/HPGD/SIRPA/P2RX7/EDN1/MIR142/RPS6KA3/TLR1/SPI1/IL12RB2/LY96/MEF2C/MIR140/CD80/CEBPB/CD86/MRC1/CCL2/CXCL2/CD40/VCAM1/SPON2/GNRH1/SOD2/TSPO/IL18/S100A7/CNR2/LY86/TBXA2R/SLC11A1/BTK/IL23R/CEBPE/IDO1/MAPK14/NOS1/TLR2/C5AR1/IL36RN/NLRP3",57
"GO:0032496","GO:0032496","response to lipopolysaccharide","53/1188","350/18860",0.151428571428571,2.4039923039923,6.87416954104818,2.39726203757652e-09,6.41507321255477e-06,5.53389015621611e-06,"CLDN1/PTGFR/OPRK1/BPI/S100A8/PRKCA/LYN/EPO/LCN2/IL12A/PDCD1LG2/SLPI/CASP1/GSTP1/PLCG2/IRF8/HPGD/SIRPA/P2RX7/EDN1/MIR142/RPS6KA3/SPI1/IL12RB2/LY96/MEF2C/MIR140/CD80/CEBPB/CD86/MRC1/CCL2/CD40/VCAM1/SPON2/GNRH1/SOD2/TSPO/IL18/S100A7/CNR2/LY86/TBXA2R/SLC11A1/BTK/IL23R/CEBPE/IDO1/MAPK14/NOS1/TLR2/IL36RN/NLRP3",53
"GO:0070664","GO:0070664","negative regulation of leukocyte proliferation","25/1188","105/18860",0.238095238095238,3.77986211319545,7.40600616104886,5.56121770240754e-09,9.92121238109504e-06,8.55842134833665e-06,"GAL/TMEM131L/LYN/CDKN2A/PDCD1LG2/GSTP1/CLEC4G/CD80/PRNP/CEBPB/CD86/PLA2G5/CD37/IL4I1/CCL8/IL20RB/GNRH1/CR1/TNFRSF21/CRP/BTK/PLA2G2D/CTLA4/RIPOR2/IDO1",25
"GO:0032945","GO:0032945","negative regulation of mononuclear cell proliferation","23/1188","97/18860",0.237113402061856,3.76427505293485,7.07686125801676,2.4491149104601e-08,3.27691575019562e-05,2.82679420981e-05,"GAL/TMEM131L/LYN/CDKN2A/PDCD1LG2/CLEC4G/CD80/PRNP/CEBPB/CD86/PLA2G5/CD37/IL4I1/IL20RB/GNRH1/CR1/TNFRSF21/CRP/BTK/PLA2G2D/CTLA4/RIPOR2/IDO1",23
"GO:0050672","GO:0050672","negative regulation of lymphocyte proliferation","22/1188","95/18860",0.231578947368421,3.67641325536062,6.78055728688661,7.73801271597581e-08,8.28276881118051e-05,7.14503658363577e-05,"GAL/TMEM131L/LYN/CDKN2A/PDCD1LG2/CLEC4G/CD80/PRNP/CEBPB/CD86/PLA2G5/CD37/IL4I1/IL20RB/GNRH1/CR1/TNFRSF21/BTK/PLA2G2D/CTLA4/RIPOR2/IDO1",22
"GO:0042130","GO:0042130","negative regulation of T cell proliferation","19/1188","79/18860",0.240506329113924,3.81813919788603,6.50790686497393,3.13826318315235e-07,0.00027993307593719,0.000241481093356249,"TMEM131L/CDKN2A/PDCD1LG2/CLEC4G/CD80/PRNP/CEBPB/CD86/PLA2G5/CD37/IL4I1/IL20RB/GNRH1/CR1/TNFRSF21/PLA2G2D/CTLA4/RIPOR2/IDO1",19
"GO:0051250","GO:0051250","negative regulation of lymphocyte activation","30/1188","183/18860",0.163934426229508,2.60252801236408,5.64809918152868,1.31165797839243e-06,0.000846485950774106,0.000730211505801123,"GAL/TMEM131L/LYN/PAG1/CDKN2A/PDCD1LG2/HLX/RUNX3/CLEC4G/CLNK/CD80/PRNP/CEBPB/CD86/PLA2G5/CD37/IL4I1/SFRP1/IL20RB/GNRH1/SOCS1/CR1/TNFRSF21/JAK3/BTK/PLA2G2D/CTLA4/RIPOR2/IDO1/TNFAIP8L2",30
"GO:0002695","GO:0002695","negative regulation of leukocyte activation","33/1188","212/18860",0.155660377358491,2.47117400419287,5.58522330660488,1.31190726157461e-06,0.000846485950774106,0.000730211505801123,"GAL/TMEM131L/BPI/TAFA3/LYN/PAG1/CDKN2A/PDCD1LG2/HLX/RUNX3/CLEC4G/CLNK/CD80/PRNP/CEBPB/CD86/PLA2G5/CD37/IL4I1/SFRP1/IL20RB/GNRH1/SOCS1/CR1/TNFRSF21/JAK3/CNR2/BTK/PLA2G2D/CTLA4/RIPOR2/IDO1/TNFAIP8L2",33
"GO:0033574","GO:0033574","response to testosterone","13/1188","43/18860",0.302325581395349,4.79954584605747,6.46718707149383,1.42346292170534e-06,0.000846485950774106,0.000730211505801123,"HOXA10/EPO/HOXA11/AARD/EDN1/NCF1/HOXA13/GNRH1/TSPO/SRD5A1/TBXA2R/HOXA9/HOXD13",13
"GO:0070555","GO:0070555","response to interleukin-1","23/1188","123/18860",0.186991869918699,2.9685746352413,5.67909471015693,2.26622783274945e-06,0.00115561040216066,0.000996874208141899,"PRKCA/EPO/CHI3L1/LCN2/HAS2/IL1RL2/CASP1/SIRPA/IL1RAP/EDN1/MIR142/PTGIS/ST18/GBP1/CEBPB/CCL2/CD40/SFRP1/IL1R2/ZBP1/CD38/PLCB1/NLRP3",23
"GO:0048732","GO:0048732","gland development","55/1188","454/18860",0.121145374449339,1.92323380649372,5.16279184758458,2.37738928260515e-06,0.00115561040216066,0.000996874208141899,"FOXC1/CLDN1/HOXA10/CCKBR/TBX19/HOXA11/MTCO2P12/CDKN2A/SERPINB5/GATA6/ETV5/PSAPL1/PPARA/SNAI2/RB1CC1/BCL11B/CSN3/GHRHR/EGFR/SIX3/EDN1/CYP7B1/HLX/LBH/TG/EPHB3/HOXA3/CEBPB/WNT10A/HOXA13/PTCH1/CSN2/NKX2-5/SFRP1/MET/SOD2/HOXA5/PLAG1/HMGA2/NFIB/SOX2/TSPO/ELF5/ID4/SRD5A1/EDA/EXT1/MESP1/NRG3/HOXA9/HOXD13/LMO4/CSMD1/CA3/BMP2",55
"GO:0070661","GO:0070661","leukocyte proliferation","46/1188","356/18860",0.129213483146067,2.05131842772292,5.19219703854199,2.82878546349736e-06,0.00115561040216066,0.000996874208141899,"GAL/TMEM131L/LYN/EPO/NPR3/CDKN2A/IL34/IL12A/PDCD1LG2/GSTP1/PLCL2/P2RX7/CD79A/MEF2C/CLEC4G/CD80/PRNP/CEBPB/CD86/PLA2G5/TNFSF8/CD37/IL4I1/CCL8/CD40/VCAM1/IL20RB/GNRH1/CD19/CR1/TNFRSF21/IL18/SH2D2A/IKZF3/SLC11A1/CD1D/CRP/BTK/IL23R/PLA2G2D/CD38/CTLA4/NCKAP1L/RIPOR2/IDO1/TNFSF13B",46
"GO:0006813","GO:0006813","potassium ion transport","35/1188","240/18860",0.145833333333333,2.31516554433221,5.31643984279418,2.95597057716869e-06,0.00115561040216066,0.000996874208141899,"GAL/OPRK1/FXYD7/BIN1/KCNK5/WWP2/AKAP7/CNGB1/KCNQ4/P2RX7/KCNG1/FXYD1/KCNJ16/AKAP6/KCNT2/KCNAB1/FXYD5/PRNP/HCN1/KCNK7/KCNMB1/KCNH5/KCNIP1/KCNB1/HTR2A/KCNH8/ATP1B3/SLC9A9/KCNJ2/SLC12A3/ATP1B2/KCNA6/NOS1/KCNA5/NPPA",35
"GO:0022408","GO:0022408","negative regulation of cell-cell adhesion","33/1188","220/18860",0.15,2.38131313131313,5.34324669689796,3.02289716559217e-06,0.00115561040216066,0.000996874208141899,"TMEM131L/PAG1/CDKN2A/PDCD1LG2/PPARA/UBASH3B/RGCC/SPI1/HLX/TRPV4/RUNX3/CLEC4G/FXYD5/CD80/PRNP/CEBPB/CD86/PLA2G5/CD37/IL4I1/IL20RB/GNRH1/SOCS1/CR1/PPM1F/TNFRSF21/JAK3/PLA2G2D/CTLA4/RIPOR2/IDO1/TNFAIP8L2/BMP2",33
"GO:0007162","GO:0007162","negative regulation of cell adhesion","43/1188","326/18860",0.131901840490798,2.09399723203404,5.16612776950485,3.4761160056954e-06,0.00116490544230376,0.00100489246911028,"TMEM131L/PAG1/GCNT2/CDKN2A/EFNA5/PDCD1LG2/ANGPT1/PPARA/SNAI2/MELTF/UBASH3B/RGCC/SPI1/HLX/TRPV4/RUNX3/CLEC4G/FXYD5/CD80/PRNP/GBP1/CEBPB/CD86/PTPRO/PLA2G5/CD37/IL4I1/IL20RB/GNRH1/SOCS1/CR1/PPM1F/MMP12/TNFRSF21/JAK3/HOXA7/APOD/PLA2G2D/CTLA4/RIPOR2/IDO1/TNFAIP8L2/BMP2",43
"GO:0001655","GO:0001655","urogenital system development","16/1188","68/18860",0.235294117647059,3.73539314715785,5.85885039083671,3.62183467003136e-06,0.00116490544230376,0.00100489246911028,"HOXA10/OSR1/HOXA11/SERPINB5/PSAPL1/CYP7B1/EPHB3/HOXA13/PTCH1/SFRP1/PLAG1/ID4/SRD5A1/HOXA9/HOXD13/AHI1",16
"GO:0070663","GO:0070663","regulation of leukocyte proliferation","39/1188","284/18860",0.137323943661972,2.18007540190639,5.1953824834076,3.70018544827428e-06,0.00116490544230376,0.00100489246911028,"GAL/TMEM131L/LYN/EPO/CDKN2A/IL34/IL12A/PDCD1LG2/GSTP1/MEF2C/CLEC4G/CD80/PRNP/CEBPB/CD86/PLA2G5/TNFSF8/CD37/IL4I1/CCL8/CD40/VCAM1/IL20RB/GNRH1/CR1/TNFRSF21/IL18/IKZF3/CD1D/CRP/BTK/IL23R/PLA2G2D/CD38/CTLA4/NCKAP1L/RIPOR2/IDO1/TNFSF13B",39
"GO:0050868","GO:0050868","negative regulation of T cell activation","25/1188","146/18860",0.171232876712329,2.71839398551727,5.404313802011,4.42291046226977e-06,0.00124028828749215,0.00106992062562753,"TMEM131L/PAG1/CDKN2A/PDCD1LG2/HLX/RUNX3/CLEC4G/CD80/PRNP/CEBPB/CD86/PLA2G5/CD37/IL4I1/IL20RB/GNRH1/SOCS1/CR1/TNFRSF21/JAK3/PLA2G2D/CTLA4/RIPOR2/IDO1/TNFAIP8L2",25
"GO:0030098","GO:0030098","lymphocyte differentiation","53/1188","441/18860",0.120181405895692,1.90793039999389,5.00222851592785,4.57399990392288e-06,0.00124028828749215,0.00106992062562753,"TMEM131L/TOX/CDKN2A/IL1RL2/LY6D/IL12A/FZD9/NFIL3/CDK6/BCL11B/PLCL2/CD79B/PLCG2/IRF8/CD79A/SPIB/SPI1/IL12RB2/HLX/RUNX3/CLEC4G/HDAC9/CD80/CD86/LYL1/TNFSF8/CHD7/IL4I1/CD83/VCAM1/SFRP1/CD19/SOCS1/CR1/JAK3/IL18/VNN1/SPINK5/IKZF3/PAX5/CD1D/BTK/IL23R/IL6R/PLA2G2D/GPR65/CTLA4/CYP26B1/NCKAP1L/IKZF1/DOCK11/TNFSF13B/NLRP3",53
"GO:0032943","GO:0032943","mononuclear cell proliferation","42/1188","319/18860",0.13166144200627,2.09018080491435,5.09157323378476,4.71358036830611e-06,0.00124028828749215,0.00106992062562753,"GAL/TMEM131L/LYN/EPO/CDKN2A/IL12A/PDCD1LG2/PLCL2/P2RX7/CD79A/MEF2C/CLEC4G/CD80/PRNP/CEBPB/CD86/PLA2G5/TNFSF8/CD37/IL4I1/CD40/VCAM1/IL20RB/GNRH1/CD19/CR1/TNFRSF21/IL18/SH2D2A/IKZF3/SLC11A1/CD1D/CRP/BTK/IL23R/PLA2G2D/CD38/CTLA4/NCKAP1L/RIPOR2/IDO1/TNFSF13B",42
"GO:0050866","GO:0050866","negative regulation of cell activation","34/1188","235/18860",0.14468085106383,2.29686940325238,5.18688636761081,4.86660202491316e-06,0.00124028828749215,0.00106992062562753,"GAL/TMEM131L/BPI/TAFA3/LYN/PAG1/CDKN2A/PDCD1LG2/UBASH3B/HLX/RUNX3/CLEC4G/CLNK/CD80/PRNP/CEBPB/CD86/PLA2G5/CD37/IL4I1/SFRP1/IL20RB/GNRH1/SOCS1/CR1/TNFRSF21/JAK3/CNR2/BTK/PLA2G2D/CTLA4/RIPOR2/IDO1/TNFAIP8L2",34
"GO:0032944","GO:0032944","regulation of mononuclear cell proliferation","36/1188","258/18860",0.13953488372093,2.21517500587268,5.09557924897035,6.00635615802659e-06,0.00146118264353447,0.00126047263679926,"GAL/TMEM131L/LYN/EPO/CDKN2A/IL12A/PDCD1LG2/MEF2C/CLEC4G/CD80/PRNP/CEBPB/CD86/PLA2G5/TNFSF8/CD37/IL4I1/CD40/VCAM1/IL20RB/GNRH1/CR1/TNFRSF21/IL18/IKZF3/CD1D/CRP/BTK/IL23R/PLA2G2D/CD38/CTLA4/NCKAP1L/RIPOR2/IDO1/TNFSF13B",36
"GO:0046651","GO:0046651","lymphocyte proliferation","41/1188","312/18860",0.131410256410256,2.08619312785979,5.01603436629931,6.39059412072616e-06,0.00148706346670115,0.00128279843540068,"GAL/TMEM131L/LYN/EPO/CDKN2A/IL12A/PDCD1LG2/PLCL2/P2RX7/CD79A/MEF2C/CLEC4G/CD80/PRNP/CEBPB/CD86/PLA2G5/TNFSF8/CD37/IL4I1/CD40/VCAM1/IL20RB/GNRH1/CD19/CR1/TNFRSF21/IL18/SH2D2A/IKZF3/SLC11A1/CD1D/BTK/IL23R/PLA2G2D/CD38/CTLA4/NCKAP1L/RIPOR2/IDO1/TNFSF13B",41
"GO:0050670","GO:0050670","regulation of lymphocyte proliferation","35/1188","254/18860",0.137795275590551,2.18755799464461,4.9404883191365,1.06330859336854e-05,0.00237117816321183,0.00204546995198,"GAL/TMEM131L/LYN/EPO/CDKN2A/IL12A/PDCD1LG2/MEF2C/CLEC4G/CD80/PRNP/CEBPB/CD86/PLA2G5/TNFSF8/CD37/IL4I1/CD40/VCAM1/IL20RB/GNRH1/CR1/TNFRSF21/IL18/IKZF3/CD1D/BTK/IL23R/PLA2G2D/CD38/CTLA4/NCKAP1L/RIPOR2/IDO1/TNFSF13B",35
"GO:0042403","GO:0042403","thyroid hormone metabolic process","10/1188","31/18860",0.32258064516129,5.12110350820028,5.95395353434774,1.23997789936452e-05,0.00242488221865104,0.00209179714636996,"DUOXA2/DIO3/DUOXA1/SLC16A10/DUOX2/SULT1B1/TG/CPQ/DUOX1/SLC26A7",10
"GO:0015698","GO:0015698","inorganic anion transport","27/1188","174/18860",0.155172413793103,2.46342737722048,5.02819748419709,1.24503459242644e-05,0.00242488221865104,0.00209179714636996,"OCA2/SLC26A9/CLCN5/SLC6A14/SLC6A2/SLC26A2/GABRP/SLC4A11/GABRE/GABRB1/CLCN4/GABRB3/P2RX5/FXYD1/ANO4/TG/CEBPB/GLRA2/SLC17A4/NMUR1/TSPO/SLC26A7/SLC12A3/SLC11A1/GABRA3/SLC26A4/GABRG1",27
"GO:1904062","GO:1904062","regulation of monoatomic cation transmembrane transport","38/1188","288/18860",0.131944444444444,2.09467358772914,4.85373705280214,1.25422812796057e-05,0.00242488221865104,0.00209179714636996,"GAL/OPRK1/FXYD7/LYN/OSR1/EPO/BIN1/NGF/LCN2/WWP2/REM1/STAC/AKAP7/RYR2/P2RX7/UBASH3B/P2RX5/EDN1/KCNG1/FXYD1/AKAP6/KCNAB1/FXYD5/PRNP/CTSS/DMD/CHD7/KCNIP1/JPH1/JPH2/CD19/ATP1B3/TMC1/KCNJ2/ATP1B2/GRM6/NOS1/NPPA",38
"GO:1902105","GO:1902105","regulation of leukocyte differentiation","43/1188","343/18860",0.12536443148688,1.99021311266209,4.79860629011874,1.26862298434658e-05,0.00242488221865104,0.00209179714636996,"TMEM131L/PRKCA/LYN/PPARGC1B/TOX/RASSF2/CDKN2A/IL34/IL1RL2/CDK6/POU4F1/UBASH3B/SLC9B2/SPI1/HLX/RUNX3/CLEC4G/CD80/CEBPB/CD86/CCR1/IL4I1/CD83/SFRP1/SOCS1/CR1/JAK3/IL18/VNN1/HOXA7/SPINK5/IKZF3/GPR55/BTK/IL23R/GPR65/CTLA4/CYP26B1/PRDM16/NCKAP1L/FES/HCLS1/NLRP3",43
"GO:1903038","GO:1903038","negative regulation of leukocyte cell-cell adhesion","26/1188","165/18860",0.157575757575758,2.50158147127844,5.02288039896786,1.35636813006453e-05,0.00250320076969151,0.00215935775624793,"TMEM131L/PAG1/CDKN2A/PDCD1LG2/PPARA/HLX/RUNX3/CLEC4G/CD80/PRNP/CEBPB/CD86/PLA2G5/CD37/IL4I1/IL20RB/GNRH1/SOCS1/CR1/TNFRSF21/JAK3/PLA2G2D/CTLA4/RIPOR2/IDO1/TNFAIP8L2",26
"GO:0042554","GO:0042554","superoxide anion generation","12/1188","45/18860",0.266666666666667,4.2334455667789,5.63046676042824,1.5208849414266e-05,0.00271325873550505,0.00234056187827967,"CLEC7A/NCF4/GSTP1/DUOX2/EDN1/NCF1/NCF1C/NCF1B/DUOX1/SOD2/FPR2/CRP",12
"GO:0006821","GO:0006821","chloride transport","22/1188","129/18860",0.170542635658915,2.70743611828883,5.04525982033287,1.73874643148163e-05,0.00295237765912493,0.00254683510599519,"OCA2/SLC26A9/CLCN5/SLC6A14/SLC6A2/SLC26A2/GABRP/GABRE/GABRB1/CLCN4/GABRB3/P2RX5/FXYD1/ANO4/GLRA2/NMUR1/TSPO/SLC26A7/SLC12A3/GABRA3/SLC26A4/GABRG1",22
"GO:0007159","GO:0007159","leukocyte cell-cell adhesion","51/1188","439/18860",0.116173120728929,1.84429718598283,4.64083042605777,1.76524822668157e-05,0.00295237765912493,0.00254683510599519,"TMEM131L/S100A8/LYN/S100A9/EPO/PAG1/HAS2/CDKN2A/IL1RL2/FUT4/IL12A/PDCD1LG2/CHST2/PPARA/ADD2/SIRPA/HLX/RUNX3/CLEC4G/CD80/PRNP/CEBPB/CD86/PLA2G5/CCL2/CD37/IL4I1/CD83/VCAM1/IL20RB/GNRH1/SOCS1/CR1/TNFRSF21/JAK3/FERMT3/IL18/VNN1/NT5E/EXT1/CD1D/IL23R/PLA2G2D/GPR65/CTLA4/NCKAP1L/RIPOR2/IDO1/TNFAIP8L2/TNFSF13B/NLRP3",51
"GO:0006941","GO:0006941","striated muscle contraction","30/1188","208/18860",0.144230769230769,2.28972416472416,4.8494278274506,1.8334634275332e-05,0.00297354432247203,0.00256509428808951,"MYBPH/RYR3/BIN1/REM1/STAC/RYR2/SCN1A/MYLK2/TRPV4/DMD/DSC2/ACE2/JPH1/ACTC1/SYNM/JPH2/NKX2-5/SCN3A/MYBPC3/TNNI2/TNNT2/SCN2A/KCNJ2/RGS2/TNNC1/CA3/NOS1/KCNA5/RCSD1/NPPA",30
"GO:0006936","GO:0006936","muscle contraction","45/1188","372/18860",0.120967741935484,1.92041381557511,4.64873009427848,2.00118538025787e-05,0.00312667180737391,0.00269718797638698,"CHRM3/MYBPH/RYR3/BIN1/SNTB1/REM1/STAC/CALD1/CRYAB/TPM2/RYR2/SCN1A/MYLK2/EDN1/FXYD1/TRPV4/DMD/DSC2/ACE2/KCNIP1/JPH1/ACTC1/SYNM/JPH2/NKX2-5/HTR2A/NMUR1/SCN3A/MYBPC3/SGCA/TNNI2/TNNT2/SCN2A/KCNJ2/TBXA2R/EDN2/CD38/RGS2/TNNC1/CA3/NOS1/KCNA5/RCSD1/NPPA/ADORA2B",45
"GO:0042742","GO:0042742","defense response to bacterium","44/1188","361/18860",0.121883656509695,1.93495434492664,4.65044570348225,2.04653418062447e-05,0.00312667180737391,0.00269718797638698,"BPI/S100A8/PRG2/GSDMC/PI3/S100A9/LCN2/IL12A/SLPI/CASP1/DEFB124/IRF8/PLAC8/P2RX7/FCER2/NCF1/MIR140/KRT6A/GBP1/RNASE6/CEBPB/TNFSF8/LGALS4/RNASE1/SPON2/SIGLEC16/LYZ/VGF/NLRC4/IL18/MMP7/FPR2/TREM1/SLC9A9/SPINK5/SLC11A1/CRP/IGHG1/IL23R/IL6R/ADM/TLR2/C5AR1/HP",44
"GO:0050729","GO:0050729","positive regulation of inflammatory response","27/1188","179/18860",0.150837988826816,2.39461655662773,4.86078006632331,2.10314247132774e-05,0.00312667180737391,0.00269718797638698,"S100A8/TAFA3/S100A9/LGALS2/CASP1/PLCG2/MIR142/TRPV4/GBP1/CEBPB/PLA2G7/NAPEPLD/CCR1/HTR2A/CTSC/PTGS2/SUCNR1/NLRC4/IL18/ZBP1/AIM2/BTK/NMI/IDO1/TLR2/NLRP3/ADORA2B",27
"GO:0071347","GO:0071347","cellular response to interleukin-1","18/1188","95/18860",0.189473684210526,3.00797448165869,5.08710154391261,2.31630518960514e-05,0.00328939531360575,0.00283755956366038,"LCN2/HAS2/IL1RL2/CASP1/SIRPA/IL1RAP/EDN1/PTGIS/ST18/GBP1/CEBPB/CCL2/CD40/SFRP1/IL1R2/ZBP1/PLCB1/NLRP3",18
"GO:0019722","GO:0019722","calcium-mediated signaling","33/1188","242/18860",0.136363636363636,2.16483011937557,4.72855517501601,2.33551984149885e-05,0.00328939531360575,0.00283755956366038,"CHRM3/RYR3/REM1/CLEC7A/PTGDR2/RYR2/RGN/PLCG2/P2RX7/P2RX5/EDN1/NCALD/AKAP6/PLEK/PRNP/GBP1/DMD/CCR1/CXCR4/JPH1/JPH2/MCOLN2/NMUR1/CMKLR1/GRIK2/FPR2/CCR10/EDN2/BTK/SLA2/TRPM8/NOS1/GRIA3",33
"GO:0048562","GO:0048562","embryonic organ morphogenesis","39/1188","308/18860",0.126623376623377,2.01019939656303,4.63459505948446,2.52117722550348e-05,0.00345983090022939,0.00298458388962436,"DLX5/DLX6/FGF9/OSR1/MTHFD1L/MYO3B/HOXA11/SOBP/OTX1/WDPCP/FBN2/RDH10/RYR2/FBN3/HOXA2/USH1C/KCNQ4/SIX3/EDN1/HLX/MEF2C/HOXA3/CHD7/NKX2-5/NKX3-2/HOXA5/TMIE/HOXA7/MESP1/FOXC2/HOXA9/PAX5/PRRX1/FOXI1/HOXA4/AHI1/CHRNA10/LRIG3/FOLR1",39
"GO:0060047","GO:0060047","heart contraction","35/1188","265/18860",0.132075471698113,2.09675370052729,4.66185383931644,2.66652200109511e-05,0.00356780643746525,0.00307772776231661,"BIN1/ATP2B3/GATA6/TMEM65/RYR2/SCN1A/MYLK2/EDN1/FXYD1/HCN1/DMD/DSC2/GLP1R/ACE2/KCNIP1/JPH1/ACTC1/JPH2/NKX2-5/SCN3A/MYBPC3/TNNI2/TNNT2/SCN2A/EXT1/KCNJ2/EDN2/ATP1B2/CELF2/RGS2/ADM/TNNC1/NOS1/KCNA5/NPPA",35
"GO:0050766","GO:0050766","positive regulation of phagocytosis","16/1188","79/18860",0.20253164556962,3.21527511400929,5.11571753910575,2.76016983960906e-05,0.00360303145892383,0.003108114227606,"LYAR/PTX3/FCGR1BP/CLEC7A/PLCG2/SIRPA/TUB/PLA2G5/CCL2/FCN3/FPR2/FCGR2C/SLC11A1/BTK/NCKAP1L/FCN1",16
"GO:0050727","GO:0050727","regulation of inflammatory response","52/1188","460/18860",0.11304347826087,1.79461279461279,4.47352900102475,3.08893129844377e-05,0.00386566301680128,0.0033346703626171,"S100A8/TAFA3/LYN/S100A9/DUOXA2/CXCL17/DUOXA1/IL1RL2/PIK3AP1/WFDC1/LGALS2/PPARA/CASP1/GSTP1/KLKB1/IL22RA2/PLCG2/SIRPA/MIR142/NCF1/PTGIS/TRPV4/GBP1/CEBPB/PLA2G7/NAPEPLD/CCR1/ACE2/IFI16/HTR2A/IL20RB/CTSC/CCN3/PTGS2/SUCNR1/NLRC4/IL18/FPR2/ZBP1/NT5E/AIM2/BTK/PLA2G2D/NMI/NLRP14/IDO1/TNFAIP8L2/MAPK14/SIGLEC10/TLR2/NLRP3/ADORA2B",52
"GO:0002690","GO:0002690","positive regulation of leukocyte chemotaxis","18/1188","97/18860",0.185567010309278,2.94595438925336,4.98186647980408,3.10582043577083e-05,0.00386566301680128,0.0033346703626171,"CXCL17/IL34/IL12A/DEFB124/EDN1/SPI1/TRPV4/PLA2G7/CCR1/CCL2/CMKLR1/FPR2/S100A7/EDN2/IL6R/NCKAP1L/RIPOR2/C5AR1",18
"GO:1904064","GO:1904064","positive regulation of cation transmembrane transport","21/1188","125/18860",0.168,2.66707070707071,4.84849416517655,3.3791740060064e-05,0.00411030438185142,0.0035457074618048,"GAL/OPRK1/FXYD7/LCN2/STAC/AKAP7/P2RX7/P2RX5/EDN1/FXYD1/AKAP6/FXYD5/CTSS/JPH2/CD19/ATP1B3/KCNJ2/ATP1B2/GRM6/NOS1/NPPA",21
"GO:0006590","GO:0006590","thyroid hormone generation","8/1188","22/18860",0.363636363636364,5.77288031833486,5.80763331255707,3.4916699216186e-05,0.00413057509117366,0.00356319375932021,"DUOXA2/DUOXA1/SLC16A10/DUOX2/TG/CPQ/DUOX1/SLC26A7",8
"GO:0071219","GO:0071219","cellular response to molecule of bacterial origin","33/1188","247/18860",0.133603238866397,2.12100764732344,4.59804865369315,3.55019533247362e-05,0.00413057509117366,0.00356319375932021,"OPRK1/BPI/PRKCA/LYN/LCN2/PDCD1LG2/CASP1/DEFB124/GSTP1/PLCG2/IRF8/SIRPA/TLR1/SPI1/LY96/MEF2C/MIR140/CD80/CEBPB/CD86/MRC1/CCL2/CD40/SPON2/TSPO/IL18/LY86/TBXA2R/CEBPE/MAPK14/TLR2/IL36RN/NLRP3",33
"GO:0007188","GO:0007188","adenylate cyclase-modulating G protein-coupled receptor signaling pathway","36/1188","281/18860",0.128113879003559,2.03386174916424,4.5271945626635,3.97291141974137e-05,0.00452404721669272,0.00390261802620059,"CHRM3/PTGFR/OPRK1/GABBR2/PRKCA/MARCO/PSAPL1/PTGDR2/GHRHR/GPR12/EDN1/MRAP2/AKAP6/GPR26/ADCY2/OXER1/PDE3A/CXCR4/GLP1R/GRK5/ADGRG6/FPR2/GPR161/CNR2/PRKX/TBXA2R/UCN3/ADGRG5/GRM6/GPR65/GPBAR1/RGS2/ADM/NOS1/C5AR1/ADORA2B",36
"GO:0007204","GO:0007204","positive regulation of cytosolic calcium ion concentration","25/1188","166/18860",0.150602409638554,2.39087663786459,4.66676827091055,4.3053778217054e-05,0.00480049627120153,0.00414109366798243,"PTGFR/CCKBR/EPO/RYR2/P2RX7/P2RX5/EDN1/TRPV4/CCR1/CXCR4/GLP1R/CD52/JPH1/JPH2/FPR3/HTR2A/CMKLR1/FPR2/CCR10/TBXA2R/CD38/RIC3/NOS1/C5AR1/CHRNA10",25
"GO:0035725","GO:0035725","sodium ion transmembrane transport","27/1188","187/18860",0.144385026737968,2.29217306757414,4.60425256508322,4.62712469977233e-05,0.00488443992633818,0.00421350671011707,"CNGA1/FXYD7/OSR1/SLC6A15/CNGB1/SLC6A14/SLC6A2/SLC6A16/SLC4A11/SCN1A/P2RX7/FXYD1/SLC9B2/SLC6A20/FXYD5/HCN1/DMD/SLC17A4/SCN3A/TRPV3/ATP1B3/SCN2A/SLC9A9/SLC12A3/ATP1B2/NOS1/NPPA",27
"GO:0002768","GO:0002768","immune response-regulating cell surface receptor signaling pathway","45/1188","385/18860",0.116883116883117,1.85556867375049,4.39762016172236,4.66904551688709e-05,0.00488443992633818,0.00421350671011707,"LYN/FCGR1BP/PIK3AP1/CD72/CLEC7A/THEMIS2/RAB29/PLCL2/CD79B/PLCG2/RAB7B/FCER2/CD79A/TLR1/RGCC/LY96/MEF2C/MIR140/PAK3/PRNP/GBP1/FCN3/FPR3/CD40/PRKCB/CD19/CR1/CMKLR1/CD53/FYB1/BTN1A1/TNFRSF21/FPR2/FCGR2C/BTK/IGHG1/SLA2/LCP2/NMI/CD38/CTLA4/NCKAP1L/FCN1/TLR2/C5AR1",45
"GO:0071222","GO:0071222","cellular response to lipopolysaccharide","31/1188","229/18860",0.135371179039301,2.14907444165086,4.5359945317865,4.69977799899767e-05,0.00488443992633818,0.00421350671011707,"OPRK1/BPI/PRKCA/LYN/LCN2/PDCD1LG2/CASP1/GSTP1/PLCG2/IRF8/SIRPA/SPI1/LY96/MEF2C/MIR140/CD80/CEBPB/CD86/MRC1/CCL2/CD40/SPON2/TSPO/IL18/LY86/TBXA2R/CEBPE/MAPK14/TLR2/IL36RN/NLRP3",31
"GO:0071805","GO:0071805","potassium ion transmembrane transport","29/1188","208/18860",0.139423076923077,2.21340002590003,4.56244522074792,4.74571891198777e-05,0.00488443992633818,0.00421350671011707,"GAL/OPRK1/BIN1/KCNK5/WWP2/AKAP7/KCNQ4/P2RX7/KCNG1/KCNJ16/AKAP6/KCNT2/KCNAB1/PRNP/HCN1/KCNK7/KCNMB1/KCNH5/KCNIP1/KCNB1/KCNH8/ATP1B3/SLC9A9/KCNJ2/SLC12A3/ATP1B2/KCNA6/KCNA5/NPPA",29
"GO:0006909","GO:0006909","phagocytosis","33/1188","251/18860",0.131474103585657,2.08720672864099,4.49585373230471,4.90810977238183e-05,0.00493197688435132,0.00425451392785086,"LYAR/PTX3/LYN/FCGR1BP/CLEC7A/MARCO/NCF4/PIP4P2/PLCG2/IRF8/RAB7B/SIRPA/P2RX7/FCER2/TUB/PLA2G5/CCL2/FCN3/SPON2/MFGE8/PLD4/FPR2/FCGR2C/BIN2/SLC11A1/CRP/BTK/NCKAP1L/CEBPE/FCN1/XKR6/TLR2/ICAM5",33
"GO:0007416","GO:0007416","synapse assembly","36/1188","284/18860",0.126760563380282,2.01237729406743,4.45707727802869,4.97620986089259e-05,0.00493197688435132,0.00425451392785086,"KIRREL3/PRKCA/ARHGEF9/NRXN1/DNER/EFNA5/ADD2/POU4F1/RAB29/VLDLR/VSTM5/LRRTM4/GABRE/GABRB3/IL1RAP/MEF2C/EPHB3/RAP2A/ACHE/MAP1B/DNM3/NPAS4/MARK1/CDH2/PRICKLE1/NRG3/ZDHHC8/EPHB1/CNTN5/GABRA3/GRM6/LRRTM3/GABRG1/TLR2/ICAM5/GAP43",36
"GO:0034765","GO:0034765","regulation of monoatomic ion transmembrane transport","39/1188","318/18860",0.122641509433962,1.94698557906105,4.41573839535567,5.16710894826609e-05,0.00495913450060097,0.00427794113752573,"GAL/OPRK1/FXYD7/LYN/OSR1/EPO/BIN1/NGF/LCN2/WWP2/REM1/STAC/AKAP7/RYR2/P2RX7/UBASH3B/P2RX5/EDN1/KCNG1/FXYD1/KCNJ16/AKAP6/KCNAB1/FXYD5/PRNP/CTSS/DMD/CHD7/KCNIP1/JPH1/JPH2/CD19/ATP1B3/TMC1/KCNJ2/ATP1B2/GRM6/NOS1/NPPA",39
"GO:0061448","GO:0061448","connective tissue development","38/1188","307/18860",0.123778501628664,1.96503580868402,4.4200811540269,5.25199294696428e-05,0.00495913450060097,0.00427794113752573,"SOX6/SOX8/SERPINB7/FGF9/OSR1/FOXD1/CHI3L1/HOXA11/SLC26A2/SNAI2/AMER1/EDN1/SPI1/MEF2C/TRPV4/SCX/RUNX3/HOXA3/NPR2/CHRDL2/NKX3-2/HOXA5/CCN3/MAF/HMGA2/SNORC/NFIB/ID4/ADGRG6/EXT1/FOXC2/IL6R/INHBE/GDF5/ITGB8/PRRX1/MAPK14/BMP2",38
"GO:0045927","GO:0045927","positive regulation of growth","34/1188","263/18860",0.129277566539924,2.05233577857152,4.45590029136951,5.3604592357282e-05,0.00495913450060097,0.00427794113752573,"S100A8/CPNE8/FGF9/S100A9/NGF/DIO3/EFNA5/GATA6/GHRHR/EGFR/ITSN2/EDN1/RPS6KA3/AKAP6/HLX/MEF2C/ACSL4/CHD7/MAP1B/SFRP1/SYT2/BCL11A/PPM1F/CPNE5/GH1/HMGA2/RASAL1/DISC1/YBX3/EXOSC4/FOXS1/CD38/MAPK14/PLCB1",34
"GO:0071216","GO:0071216","cellular response to biotic stimulus","35/1188","274/18860",0.127737226277372,2.02788222861216,4.4437577103426,5.37424889825964e-05,0.00495913450060097,0.00427794113752573,"OPRK1/BPI/PRKCA/LYN/LCN2/CLEC7A/PDCD1LG2/CASP1/DEFB124/GSTP1/PLCG2/IRF8/SIRPA/TLR1/SPI1/LY96/MEF2C/MIR140/CD80/CEBPB/CD86/MRC1/CCL2/CD40/SPON2/TSPO/IL18/LY86/TBXA2R/BTK/CEBPE/MAPK14/TLR2/IL36RN/NLRP3",35
"GO:0002429","GO:0002429","immune response-activating cell surface receptor signaling pathway","42/1188","353/18860",0.118980169971671,1.8888602741294,4.37096708446196,5.49685255541863e-05,0.00498629743671195,0.00430137293631867,"LYN/PIK3AP1/CD72/CLEC7A/THEMIS2/RAB29/PLCL2/CD79B/PLCG2/RAB7B/FCER2/CD79A/TLR1/RGCC/LY96/MEF2C/MIR140/PAK3/PRNP/GBP1/FCN3/FPR3/PRKCB/CD19/CR1/CMKLR1/CD53/FYB1/BTN1A1/TNFRSF21/FPR2/BTK/IGHG1/SLA2/LCP2/NMI/CD38/CTLA4/NCKAP1L/FCN1/TLR2/C5AR1",42
"GO:0003015","GO:0003015","heart process","35/1188","275/18860",0.127272727272727,2.0205081114172,4.42004025204115,5.79384173623429e-05,0.00509031489292812,0.00439110241530618,"BIN1/ATP2B3/GATA6/TMEM65/RYR2/SCN1A/MYLK2/EDN1/FXYD1/HCN1/DMD/DSC2/GLP1R/ACE2/KCNIP1/JPH1/ACTC1/JPH2/NKX2-5/SCN3A/MYBPC3/TNNI2/TNNT2/SCN2A/EXT1/KCNJ2/EDN2/ATP1B2/CELF2/RGS2/ADM/TNNC1/NOS1/KCNA5/NPPA",35
"GO:0070371","GO:0070371","ERK1 and ERK2 cascade","40/1188","331/18860",0.120845921450151,1.9184798640992,4.37101548505695,5.80174156331494e-05,0.00509031489292812,0.00439110241530618,"C1QL4/PRKCA/LYN/EPO/NGF/CHI3L1/NRXN1/CXCL17/GCNT2/ALKAL2/ANGPT1/MARCO/CAVIN3/GLIPR2/GSTP1/EGFR/SIRPA/EDN1/NEURL3/TRPV4/ROS1/GBP1/CCR1/PLA2G5/ACE2/HTR2A/GRB10/DAB2/FPR2/S100A7/GPR55/DUSP9/EPHB1/DDR2/GPBAR1/PSCA/MT3/C5AR1/CHRNA10/BMP2",40
"GO:0030850","GO:0030850","prostate gland development","12/1188","51/18860",0.235294117647059,3.73539314715785,5.07161979825464,5.90936986070902e-05,0.0051011205636314,0.00440042380459588,"HOXA10/HOXA11/SERPINB5/PSAPL1/CYP7B1/HOXA13/PTCH1/SFRP1/PLAG1/ID4/HOXA9/HOXD13",12
"GO:0048705","GO:0048705","skeletal system morphogenesis","31/1188","232/18860",0.133620689655172,2.12128468593986,4.45555149854695,6.03411982664843e-05,0.00512612846225752,0.00442199658474186,"FOXC1/DLX5/SOX6/OSR1/MTHFD1L/HAS2/HOXA11/ANKRD11/FBN2/RDH10/HOXA2/P2RX7/PAPPA2/MEF2C/TRPV4/SCX/HOXA3/NPR2/SFRP1/NKX3-2/HOXA5/FREM1/EXT1/HOXA7/FOXC2/HOXA9/PAX5/PRRX1/CYP26B1/HOXA4/MAPK14",31
"GO:0071470","GO:0071470","cellular response to osmotic stress","13/1188","59/18860",0.220338983050847,3.49797409119443,4.98250978015421,6.13698364928007e-05,0.00513205257671046,0.00442710695489184,"EPO/CASP1/SLC4A11/LRRC8C/TRPV4/AKR1B1/TRPV3/PTGS2/TSPO/SCN2A/YBX3/RCSD1/NLRP3",13
"GO:0002526","GO:0002526","acute inflammatory response","19/1188","112/18860",0.169642857142857,2.69315175565176,4.65963740978877,6.86827815904716e-05,0.00557481302646903,0.00480904923571969,"EPO/LCN2/FCGR1BP/GSTP1/KLKB1/CEBPB/IL20RB/PTGS2/VNN1/CD163/EXT1/FCGR2C/CRP/BTK/IGHG1/IL6R/PLA2G2D/HP/NLRP3",19
"GO:0034767","GO:0034767","positive regulation of monoatomic ion transmembrane transport","21/1188","131/18860",0.16030534351145,2.54491479682319,4.60052701101628,6.87476942726002e-05,0.00557481302646903,0.00480904923571969,"GAL/OPRK1/FXYD7/LCN2/STAC/AKAP7/P2RX7/P2RX5/EDN1/FXYD1/AKAP6/FXYD5/CTSS/JPH2/CD19/ATP1B3/KCNJ2/ATP1B2/GRM6/NOS1/NPPA",21
"GO:0042129","GO:0042129","regulation of T cell proliferation","27/1188","192/18860",0.140625,2.23248106060606,4.45047813429372,7.35574440672616e-05,0.00587581254698483,0.00506870305858616,"TMEM131L/EPO/CDKN2A/PDCD1LG2/CLEC4G/CD80/PRNP/CEBPB/CD86/PLA2G5/TNFSF8/CD37/IL4I1/VCAM1/IL20RB/GNRH1/CR1/TNFRSF21/IL18/CD1D/IL23R/PLA2G2D/CTLA4/NCKAP1L/RIPOR2/IDO1/TNFSF13B",27
"GO:0042098","GO:0042098","T cell proliferation","30/1188","224/18860",0.133928571428571,2.12617243867244,4.39619807622463,7.55063036502935e-05,0.00594279025200545,0.00512648061625677,"TMEM131L/EPO/CDKN2A/PDCD1LG2/P2RX7/CLEC4G/CD80/PRNP/CEBPB/CD86/PLA2G5/TNFSF8/CD37/IL4I1/VCAM1/IL20RB/GNRH1/CR1/TNFRSF21/IL18/SH2D2A/SLC11A1/CD1D/IL23R/PLA2G2D/CTLA4/NCKAP1L/RIPOR2/IDO1/TNFSF13B",30
"GO:0042445","GO:0042445","hormone metabolic process","32/1188","246/18860",0.130081300813008,2.06509539842873,4.35974317321469,7.79585921947603e-05,0.00599260584429711,0.0051694534720099,"GAL/UGT2B7/DUOXA2/CYP27C1/DIO3/DUOXA1/CPA4/ADH6/RDH10/SLC16A10/GHRHR/DUOX2/SULT1B1/PCSK2/TG/CPQ/PCSK7/PLA2G7/ACE2/BCHE/ADH4/DUOX1/DAB2/AKR1B1/TSPO/SLC26A7/SRD5A1/CYP26B1/ADM/KLK6/AKR1B15/BMP2",32
"GO:0002573","GO:0002573","myeloid leukocyte differentiation","33/1188","257/18860",0.1284046692607,2.03847816688284,4.34607421371352,7.83786265136019e-05,0.00599260584429711,0.0051694534720099,"PRKCA/LYN/PPARGC1B/RASSF2/IL34/CDK6/POU4F1/UBASH3B/P2RX5/BATF3/SPIB/SLC9B2/SPI1/LBR/CEBPB/CCR1/IFI16/SFRP1/SOCS1/PIR/DIAPH3/HOXA7/GPR55/IL23R/ITGB8/PRDM16/FES/CEBPE/HCLS1/MAPK14/GAB3/TLR2/BMP2",33
"GO:0070372","GO:0070372","regulation of ERK1 and ERK2 cascade","37/1188","303/18860",0.122112211221122,1.93858274716361,4.27036204414127,8.71693320018845e-05,0.00653332511674706,0.00563589882032347,"C1QL4/PRKCA/LYN/EPO/NGF/CHI3L1/NRXN1/CXCL17/GCNT2/ALKAL2/ANGPT1/MARCO/CAVIN3/GLIPR2/GSTP1/EGFR/SIRPA/TRPV4/ROS1/GBP1/CCR1/PLA2G5/ACE2/HTR2A/DAB2/FPR2/S100A7/GPR55/DUSP9/EPHB1/DDR2/GPBAR1/PSCA/MT3/C5AR1/CHRNA10/BMP2",37
"GO:0010043","GO:0010043","response to zinc ion","12/1188","53/18860",0.226415094339623,3.59443491518963,4.90394569175881,8.83567127774097e-05,0.00653332511674706,0.00563589882032347,"S100A8/MT1X/P2RX7/GABRB3/P2RX5/SLC30A2/GLRA2/VCAM1/SOD2/PAM/TSPO/MT3",12
"GO:1903706","GO:1903706","regulation of hemopoiesis","49/1188","443/18860",0.110609480812641,1.75597206071247,4.17467684715127,8.94039464577741e-05,0.00653332511674706,0.00563589882032347,"TMEM131L/PRKCA/LYN/PPARGC1B/TOX/RASSF2/CDKN2A/IL34/IL1RL2/SNAI2/CDK6/POU4F1/RAB7B/UBASH3B/SLC9B2/SPI1/HLX/MEF2C/RUNX3/CLEC4G/CD80/CEBPB/CD86/CCR1/IL4I1/CD83/SFRP1/SOCS1/CR1/HOXA5/JAK3/IL18/VNN1/HOXA7/SPINK5/IKZF3/HOXA9/GPR55/BTK/IL23R/GPR65/CTLA4/CYP26B1/PRDM16/NCKAP1L/FES/HCLS1/MAPK14/NLRP3",49
"GO:0097529","GO:0097529","myeloid leukocyte migration","31/1188","237/18860",0.130801687763713,2.07653184446433,4.32415180039514,9.03337179819288e-05,0.00653332511674706,0.00563589882032347,"S100A8/LYN/S100A9/CXCL17/IL34/FUT4/DEFB124/SIRPA/EDN1/SPI1/FAM3D/TRPV4/PLA2G7/PTPRO/CCR1/CCL2/CCL8/MCOLN2/CCL26/CMKLR1/CCN3/FPR2/TREM1/S100A7/EDN2/IL6R/CXCL3/NCKAP1L/RIPOR2/PLCB1/C5AR1",31
"GO:0048639","GO:0048639","positive regulation of developmental growth","25/1188","174/18860",0.14367816091954,2.28095127520415,4.401226927703,9.44200736493046e-05,0.00665327985935084,0.00573937641867531,"CPNE8/FGF9/NGF/DIO3/EFNA5/GATA6/GHRHR/ITSN2/EDN1/AKAP6/HLX/MEF2C/CHD7/MAP1B/SYT2/BCL11A/CPNE5/GH1/HMGA2/RASAL1/DISC1/YBX3/FOXS1/MAPK14/PLCB1",25
"GO:0051216","GO:0051216","cartilage development","29/1188","216/18860",0.134259259259259,2.13142224716299,4.3361744050269,9.44785630251613e-05,0.00665327985935084,0.00573937641867531,"SOX6/FGF9/OSR1/CHI3L1/HOXA11/SLC26A2/SNAI2/EDN1/MEF2C/TRPV4/SCX/RUNX3/HOXA3/NPR2/CHRDL2/NKX3-2/HOXA5/CCN3/MAF/HMGA2/SNORC/NFIB/ADGRG6/EXT1/GDF5/ITGB8/PRRX1/MAPK14/BMP2",29
"GO:0032693","GO:0032693","negative regulation of interleukin-10 production","8/1188","25/18860",0.32,5.08013468013468,5.29281104788224,9.96598319218699e-05,0.00692700546033568,0.00597550270416024,"PRG2/PDCD1LG2/TNFRSF21/JAK3/TRIB2/BTK/IL23R/IDO1",8
"GO:0006820","GO:0006820","monoatomic anion transport","25/1188","175/18860",0.142857142857143,2.26791726791727,4.36906080582576,0.000103701436685055,0.00711551396331301,0.00613811742645953,"OCA2/SLC26A9/CLCN5/SLC6A14/SLC6A2/SLC26A2/GABRP/SLC4A11/GABRE/GABRB1/CLCN4/GABRB3/P2RX5/LRRC8C/FXYD1/ANO4/TG/GLRA2/NMUR1/TSPO/SLC26A7/SLC12A3/GABRA3/SLC26A4/GABRG1",25
"GO:0002548","GO:0002548","monocyte chemotaxis","12/1188","54/18860",0.222222222222222,3.52787130564908,4.82312284268734,0.000107160165153022,0.00725173547437937,0.00625562736815119,"LYN/CXCL17/DEFB124/PLA2G7/PTPRO/CCR1/CCL2/CCL26/CCN3/FPR2/S100A7/IL6R",12
"GO:0050921","GO:0050921","positive regulation of chemotaxis","22/1188","145/18860",0.151724137931034,2.40868454661558,4.41496774375388,0.000108396643862173,0.00725173547437937,0.00625562736815119,"CXCL17/IL34/IL12A/DEFB124/EDN1/SPI1/TRPV4/PLA2G7/CCR1/CCL2/MET/CCL26/PPM1F/CMKLR1/SUCNR1/FPR2/S100A7/EDN2/IL6R/NCKAP1L/RIPOR2/C5AR1",22
"GO:0043372","GO:0043372","positive regulation of CD4-positive, alpha-beta T cell differentiation","10/1188","39/18860",0.256410256410256,4.0706207372874,4.97693345410928,0.000111988830224071,0.00739955826369421,0.00638314502095877,"HLX/CD80/CD86/CD83/SOCS1/IL18/IL23R/GPR65/NCKAP1L/NLRP3",10
"GO:0002688","GO:0002688","regulation of leukocyte chemotaxis","20/1188","126/18860",0.158730158730159,2.51990807546363,4.43825280503998,0.000116699725306307,0.00755197536094196,0.00651462590140261,"LYN/CXCL17/IL34/IL12A/DEFB124/EDN1/SPI1/TRPV4/PLA2G7/CCR1/CCL2/CMKLR1/CCN3/FPR2/S100A7/EDN2/IL6R/NCKAP1L/RIPOR2/C5AR1",20
"GO:2000379","GO:2000379","positive regulation of reactive oxygen species metabolic process","14/1188","71/18860",0.197183098591549,3.13036467966045,4.66289883703163,0.000117117704588599,0.00755197536094196,0.00651462590140261,"DUOXA2/LCN2/DUOXA1/CLEC7A/GSTP1/PLCG2/SIRPA/PID1/ACE2/SOD2/TSPO/FPR2/CRP/MAPK14",14
"GO:1903037","GO:1903037","regulation of leukocyte cell-cell adhesion","45/1188","401/18860",0.112219451371571,1.78153102093252,4.10146511007804,0.000122456108960316,0.0077267575465969,0.00666539977172804,"TMEM131L/LYN/EPO/PAG1/HAS2/CDKN2A/IL1RL2/FUT4/IL12A/PDCD1LG2/CHST2/PPARA/SIRPA/HLX/RUNX3/CLEC4G/CD80/PRNP/CEBPB/CD86/PLA2G5/CCL2/CD37/IL4I1/CD83/VCAM1/IL20RB/GNRH1/SOCS1/CR1/TNFRSF21/JAK3/IL18/VNN1/CD1D/IL23R/PLA2G2D/GPR65/CTLA4/NCKAP1L/RIPOR2/IDO1/TNFAIP8L2/TNFSF13B/NLRP3",45
"GO:0003012","GO:0003012","muscle system process","52/1188","485/18860",0.107216494845361,1.7021069804575,4.06148810320917,0.000122715693471737,0.0077267575465969,0.00666539977172804,"CHRM3/MYBPH/PRKCA/RYR3/BIN1/SNTB1/NPR3/REM1/STAC/CALD1/GATA6/PPARA/CRYAB/TPM2/RYR2/SCN1A/MYLK2/EDN1/FXYD1/AKAP6/TRPV4/FBXO32/DMD/DSC2/ACE2/KCNIP1/JPH1/ACTC1/SYNM/JPH2/NKX2-5/HTR2A/NMUR1/SCN3A/MYBPC3/SGCA/TNNI2/TNNT2/SCN2A/KCNJ2/TBXA2R/EDN2/PDE9A/CD38/RGS2/TNNC1/CA3/NOS1/KCNA5/RCSD1/NPPA/ADORA2B",52
"GO:0042391","GO:0042391","regulation of membrane potential","51/1188","474/18860",0.107594936708861,1.70811490431744,4.04831201605685,0.000130175593549787,0.00810116019393558,0.00698837396951488,"BIN1/KCNK5/NRXN1/CELF4/WWP2/CDKN2A/AKAP7/CNGB1/FZD9/SLC4A11/RYR2/SCN1A/GABRB1/P2RX7/GABRB3/P2RX5/EDN1/KCNG1/FXYD1/AKAP6/MEF2C/HCN1/PID1/DMD/DSC2/GLRA2/KCNH5/KCNIP1/KCNB1/NPR2/NPAS4/MET/KCNH8/SOD2/SCN3A/GRIK2/ATP1B3/TSPO/CNR2/SCN2A/KCNJ2/GPRIN3/ATP1B2/UCN3/GABRA3/KCNA6/NOS1/GRIA3/KCNA5/NPPA/CHRNA10",51
"GO:0030183","GO:0030183","B cell differentiation","22/1188","147/18860",0.149659863945578,2.37591332829428,4.34212913617413,0.000133089481152806,0.00812187241068778,0.0070062411284078,"FZD9/PLCL2/CD79B/PLCG2/IRF8/CD79A/SPIB/SPI1/HDAC9/LYL1/IL4I1/VCAM1/SFRP1/CD19/CR1/JAK3/IKZF3/PAX5/BTK/NCKAP1L/DOCK11/TNFSF13B",22
"GO:0050764","GO:0050764","regulation of phagocytosis","18/1188","108/18860",0.166666666666667,2.64590347923681,4.44751214805189,0.000133543492552415,0.00812187241068778,0.0070062411284078,"LYAR/PTX3/FCGR1BP/CLEC7A/PIP4P2/PLCG2/SIRPA/TUB/PLA2G5/CCL2/FCN3/FPR2/FCGR2C/SLC11A1/BTK/NCKAP1L/FCN1/TLR2",18
"GO:0050863","GO:0050863","regulation of T cell activation","45/1188","404/18860",0.111386138613861,1.76830183018302,4.04742172680411,0.000145395469141883,0.00874333203199279,0.00754233622301951,"TMEM131L/LYN/EPO/PAG1/TOX/CDKN2A/IL1RL2/IL12A/PDCD1LG2/SIRPA/HLX/RUNX3/CLEC4G/CD80/PRNP/CEBPB/CD86/PLA2G5/CCL2/TNFSF8/CD37/IL4I1/CD83/VCAM1/IL20RB/GNRH1/SOCS1/CR1/TNFRSF21/JAK3/IL18/VNN1/SPINK5/CD1D/IL23R/PLA2G2D/GPR65/CTLA4/CYP26B1/NCKAP1L/RIPOR2/IDO1/TNFAIP8L2/TNFSF13B/NLRP3",45
"GO:0006814","GO:0006814","sodium ion transport","32/1188","255/18860",0.125490196078431,1.99220967848419,4.13602743855198,0.000153959101011696,0.00906393855106983,0.00781890380084027,"CNGA1/FXYD7/PRKCA/OSR1/SLC6A15/CNGB1/SLC6A14/SLC6A2/SLC6A16/SLC4A11/SCN1A/P2RX7/EDN1/FXYD1/SLC9B2/SLC6A20/FXYD5/HCN1/DMD/NKX2-5/SLC17A4/SCN3A/TRPV3/ATP1B3/SCN2A/SLC9A9/SLC12A3/ATP1B2/SGK1/SLC10A5/NOS1/NPPA",32
"GO:0060537","GO:0060537","muscle tissue development","49/1188","453/18860",0.108167770419426,1.71720888056429,4.00615688240459,0.000154114052344423,0.00906393855106983,0.00781890380084027,"FOXC1/SOX6/KLF5/SOX8/FOXN2/FGF9/OSR1/DIPK2A/DNER/GATA6/ELN/PPARA/POU4F1/RYR2/CSRP2/MYLK2/EDN1/S100B/NEB/AKAP6/HLX/MEF2C/SCX/HDAC9/DMD/ADAMTS9/COL19A1/CHD7/PTCH1/ACTC1/JPH2/NKX2-5/NPR2/MYBPC3/TNNT2/PRICKLE1/MESP1/FOXC2/PAX5/EPHB1/YBX3/CYP26B1/RGS2/TNNC1/FES/HEY1/MAPK14/NPPA/BMP2",49
"GO:0002062","GO:0002062","chondrocyte differentiation","19/1188","119/18860",0.159663865546218,2.53473106414283,4.35445777099689,0.000158159526324556,0.00920075853140243,0.00793693000525747,"SOX6/FGF9/OSR1/HOXA11/SLC26A2/SNAI2/MEF2C/SCX/RUNX3/NPR2/NKX3-2/CCN3/MAF/HMGA2/NFIB/EXT1/GDF5/MAPK14/BMP2",19
"GO:1901379","GO:1901379","regulation of potassium ion transmembrane transport","14/1188","74/18860",0.189189189189189,3.003458003458,4.47717059942341,0.000185948767287915,0.0107010516400529,0.00923114084125406,"GAL/OPRK1/BIN1/WWP2/AKAP7/KCNG1/AKAP6/KCNAB1/PRNP/KCNIP1/ATP1B3/KCNJ2/ATP1B2/NPPA",14
"GO:0002544","GO:0002544","chronic inflammatory response","7/1188","21/18860",0.333333333333333,5.29180695847362,5.10206048674908,0.000205382693684609,0.0116937040063833,0.0100874411478241,"S100A8/S100A9/CEBPB/VCAM1/VNN1/IDO1/ADORA2B",7
"GO:0030595","GO:0030595","leukocyte chemotaxis","30/1188","237/18860",0.126582278481013,2.00954694625581,4.05509067630753,0.000209439996608564,0.0117991880194635,0.0101784357354589,"S100A8/LYN/S100A9/CXCL17/IL34/IL12A/DEFB124/EDN1/CYP7B1/SPI1/TRPV4/PLA2G7/PTPRO/CCR1/CCL2/CXCR4/CCL8/CCL26/CMKLR1/CCN3/FPR2/TREM1/S100A7/CNR2/EDN2/IL6R/CXCL3/NCKAP1L/RIPOR2/C5AR1",30
"GO:0043266","GO:0043266","regulation of potassium ion transport","16/1188","93/18860",0.172043010752688,2.73125520437348,4.33940153604659,0.000212319675691048,0.0118368219197759,0.0102109001927734,"GAL/OPRK1/BIN1/WWP2/AKAP7/KCNG1/AKAP6/KCNAB1/PRNP/KCNIP1/HTR2A/ATP1B3/KCNJ2/ATP1B2/NOS1/NPPA",16
"GO:0043270","GO:0043270","positive regulation of monoatomic ion transport","26/1188","194/18860",0.134020618556701,2.12763372557187,4.09324735400991,0.00021885365089536,0.0120049345684145,0.0103559206626281,"GAL/OPRK1/FXYD7/LCN2/STAC/AKAP7/P2RX7/P2RX5/EDN1/FXYD1/AKAP6/FXYD5/CTSS/CCR1/CCL2/JPH2/NKX2-5/CD19/TRPV3/ATP1B3/TSPO/KCNJ2/ATP1B2/GRM6/NOS1/NPPA",26
"GO:0048568","GO:0048568","embryonic organ development","50/1188","472/18860",0.105932203389831,1.68171831307425,3.88895942114645,0.000219821298151088,0.0120049345684145,0.0103559206626281,"FOXC1/DLX5/EN1/DLX6/FGF9/OSR1/MTHFD1L/MYO3B/HOXA11/SOBP/OTX1/WDPCP/FBN2/RDH10/RYR2/FBN3/EGFR/HOXA2/USH1C/KCNQ4/HSCB/SIX3/EDN1/HLX/MEF2C/HOXA3/CEBPB/CHD7/PTCH1/NKX2-5/NKX3-2/HOXA5/ELF5/TMIE/PRICKLE1/HOXA7/MESP1/FOXC2/HOXA9/PAX5/PRRX1/ADM/FOXI1/HEY1/HOXA4/PBX4/AHI1/CHRNA10/LRIG3/FOLR1",50
"GO:0043269","GO:0043269","regulation of monoatomic ion transport","48/1188","449/18860",0.106904231625835,1.69714967042361,3.87645910796211,0.000235873605557721,0.0123474051269256,0.0106513490061159,"GAL/OPRK1/FXYD7/LYN/OSR1/EPO/BIN1/NGF/LCN2/WWP2/CLDN10/REM1/STAC/AKAP7/RYR2/GABRE/P2RX7/UBASH3B/P2RX5/EDN1/KCNG1/FXYD1/KCNJ16/AKAP6/KCNAB1/FXYD5/PRNP/CTSS/DMD/CCR1/SPINK1/CCL2/CHD7/KCNIP1/JPH1/JPH2/NKX2-5/HTR2A/CD19/TRPV3/ATP1B3/TSPO/TMC1/KCNJ2/ATP1B2/GRM6/NOS1/NPPA",48
"GO:0010959","GO:0010959","regulation of metal ion transport","42/1188","377/18860",0.111405835543767,1.76861452723522,3.90856853124872,0.000237678815756354,0.0123474051269256,0.0106513490061159,"GAL/OPRK1/FXYD7/LYN/OSR1/EPO/BIN1/NGF/LCN2/WWP2/REM1/AKAP7/RYR2/P2RX7/UBASH3B/P2RX5/KCNG1/FXYD1/AKAP6/KCNAB1/FXYD5/PRNP/DMD/CCR1/SPINK1/CCL2/CHD7/KCNIP1/JPH1/JPH2/NKX2-5/HTR2A/CD19/TRPV3/ATP1B3/TSPO/TMC1/KCNJ2/ATP1B2/GRM6/NOS1/NPPA",42
"GO:0060326","GO:0060326","cell chemotaxis","38/1188","330/18860",0.115151515151515,1.82807876747271,3.934736088657,0.000239077689099229,0.0123474051269256,0.0106513490061159,"S100A8/LYN/S100A9/CXCL17/IL34/IL12A/DEFB124/GSTP1/CXCL1/EDN1/CYP7B1/SPI1/TRPV4/PLA2G7/PTPRO/CCR1/CCL2/CXCL2/CXCR4/CCL8/VCAM1/MET/CCL26/CMKLR1/CCN3/FPR2/TREM1/S100A7/CNR2/CCR10/BIN2/EDN2/EPHB1/IL6R/CXCL3/NCKAP1L/RIPOR2/C5AR1",38
"GO:1902476","GO:1902476","chloride transmembrane transport","18/1188","113/18860",0.15929203539823,2.52882810404934,4.22626464625484,0.000240174868879727,0.0123474051269256,0.0106513490061159,"OCA2/SLC26A9/CLCN5/SLC6A2/SLC26A2/GABRP/GABRE/GABRB1/CLCN4/GABRB3/FXYD1/ANO4/GLRA2/SLC26A7/SLC12A3/GABRA3/SLC26A4/GABRG1",18
"GO:0040020","GO:0040020","regulation of meiotic nuclear division","9/1188","35/18860",0.257142857142857,4.08225108225108,4.73215806493652,0.000240344309164408,0.0123474051269256,0.0106513490061159,"HORMAD1/STRA8/PDE3A/NPR2/RAD51AP1/PIWIL2/PSMA8/CDC20/PLCB1",9
"GO:0051932","GO:0051932","synaptic transmission, GABAergic","13/1188","67/18860",0.194029850746269,3.08030554299211,4.42273756263634,0.000240678938292436,0.0123474051269256,0.0106513490061159,"GABBR2/NRXN1/GABRP/PLCL2/GABRE/GABRB1/GABRB3/PHF24/NPAS4/CNR2/GABRA3/CNTNAP4/GABRG1",13
"GO:0006959","GO:0006959","humoral immune response","36/1188","307/18860",0.117263843648208,1.86161287138486,3.94638082919284,0.000242241692512555,0.0123474051269256,0.0106513490061159,"BPI/PI3/S100A9/GATA6/SLPI/CFHR3/PRSS3/POU2F2/CXCL1/FCER2/MEF2C/KRT6A/RNASE6/CCL2/CD37/CXCL2/LGALS4/FCN3/CCL8/CD83/SPON2/CCL26/CR1/LYZ/TNFRSF21/MMP7/TREM1/S100A7/SPINK5/SLC11A1/A2M/IGHG1/CXCL3/ADM/FCN1/IL36RN",36
"GO:0034762","GO:0034762","regulation of transmembrane transport","48/1188","450/18860",0.106666666666667,1.69337822671156,3.85988407618674,0.000248364939504697,0.0124625119107974,0.0107506445678463,"GAL/OPRK1/FXYD7/LYN/OSR1/EPO/BIN1/NGF/LCN2/WWP2/REM1/STAC/AKAP7/FABP5/RYR2/P2RX7/UBASH3B/P2RX5/EDN1/KCNG1/FXYD1/KCNJ16/AKAP6/KCNAB1/FXYD5/PRNP/PID1/CTSS/DMD/CHD7/ACE2/KCNIP1/JPH1/JPH2/PRKCB/CD19/GRB10/GH1/ATP1B3/TMC1/KCNJ2/ATP1B2/GRM6/TERT/RGS2/MAPK14/NOS1/NPPA",48
"GO:0006801","GO:0006801","superoxide metabolic process","14/1188","76/18860",0.184210526315789,2.92441963494595,4.3585018522343,0.000249157095376556,0.0124625119107974,0.0107506445678463,"SOD3/CLEC7A/NCF4/GSTP1/DUOX2/EDN1/NCF1/NCF1C/NCF1B/DUOX1/SOD2/FPR2/CRP/MT3",14
"GO:0010720","GO:0010720","positive regulation of cell development","48/1188","451/18860",0.106430155210643,1.68962350780533,3.84334993431651,0.000261449370337674,0.0129562687967336,0.011176578346014,"SOX8/CHODL/PRKCA/LYN/DCT/PPARGC1B/BIN1/NGF/TOX/HOXA11/EFNA5/IL34/IL1RL2/CLEC7A/ETV5/POU4F1/MIR142/SLC9B2/TIAM2/SPI1/HLX/RUNX3/CD80/CD86/PDE3A/CCR1/CXCR4/IL4I1/CD83/MAP1B/BCL11A/SOCS1/CR1/PLAG1/TSPO/ID4/IL18/VNN1/DISC1/BTK/IL23R/ZEB2/GPR65/NCKAP1L/FES/HCLS1/NLRP3/BMP2",48
"GO:0032735","GO:0032735","positive regulation of interleukin-12 production","10/1188","43/18860",0.232558139534884,3.69195834312113,4.58196818751311,0.000268319380633232,0.0131747277536611,0.0113650294877581,"CLEC7A/DEFB124/PLCG2/IRF8/CD40/IL23R/IDO1/MAPK14/PLCB1/TLR2",10
"GO:0030111","GO:0030111","regulation of Wnt signaling pathway","40/1188","356/18860",0.112359550561798,1.78375515454167,3.87076939302522,0.000277641310054345,0.0135085117400987,0.0116529644583575,"DLX5/TMEM131L/FGF9/FZD9/POU5F1/BARX1/SNAI2/HECW1/AMER1/EGFR/MIR1260B/SOX30/SIX3/FERMT1/FOXL1/PTPRO/NKX2-5/SFRP1/MDFIC/GRB10/DAB2/HMGA2/WIF1/TCF7L1/SOX2/CDH2/PRICKLE1/EDA/ATP6V1C2/MESP1/DISC1/ZEB2/TERT/SCEL/MAPK14/TLR2/TLE4/NPPA/BMP2/FOLR1",40
"GO:0060048","GO:0060048","cardiac muscle contraction","22/1188","155/18860",0.141935483870968,2.25328554360812,4.06220393167357,0.000288934151013046,0.0139313114974939,0.0120176878742837,"BIN1/RYR2/SCN1A/MYLK2/DMD/DSC2/ACE2/JPH1/ACTC1/JPH2/NKX2-5/SCN3A/MYBPC3/TNNI2/TNNT2/SCN2A/KCNJ2/RGS2/TNNC1/NOS1/KCNA5/NPPA",22
"GO:1901654","GO:1901654","response to ketone","29/1188","232/18860",0.125,1.98442760942761,3.9117344287278,0.000328018990204225,0.0150950913382462,0.0130216093559806,"CLDN1/HOXA10/PTGFR/DSG1/PRKCA/EPO/HOXA11/EFNA5/PTGDR2/AARD/GABRB1/EDN1/NCF1/FBXO32/ADCY2/HOXA13/SFRP1/NPAS4/GNRH1/TSPO/SRD5A1/TBXA2R/HOXA9/SLC12A3/HOXD13/UCN3/CD38/SGK1/IGFBP7",29
"GO:1902107","GO:1902107","positive regulation of leukocyte differentiation","26/1188","199/18860",0.130653266331658,2.07417559176353,3.94965407942197,0.000328449404476201,0.0150950913382462,0.0130216093559806,"PRKCA/PPARGC1B/TOX/IL34/IL1RL2/POU4F1/SLC9B2/SPI1/HLX/RUNX3/CD80/CD86/CCR1/IL4I1/CD83/SOCS1/CR1/IL18/VNN1/BTK/IL23R/GPR65/NCKAP1L/FES/HCLS1/NLRP3",26
"GO:1903708","GO:1903708","positive regulation of hemopoiesis","26/1188","199/18860",0.130653266331658,2.07417559176353,3.94965407942197,0.000328449404476201,0.0150950913382462,0.0130216093559806,"PRKCA/PPARGC1B/TOX/IL34/IL1RL2/POU4F1/SLC9B2/SPI1/HLX/RUNX3/CD80/CD86/CCR1/IL4I1/CD83/SOCS1/CR1/IL18/VNN1/BTK/IL23R/GPR65/NCKAP1L/FES/HCLS1/NLRP3",26
"GO:1903276","GO:1903276","regulation of sodium ion export across plasma membrane","5/1188","11/18860",0.454545454545455,7.21610039791858,5.34681188531971,0.000329769895407184,0.0150950913382462,0.0130216093559806,"FXYD7/FXYD1/FXYD5/ATP1B3/ATP1B2",5
"GO:1903278","GO:1903278","positive regulation of sodium ion export across plasma membrane","5/1188","11/18860",0.454545454545455,7.21610039791858,5.34681188531971,0.000329769895407184,0.0150950913382462,0.0130216093559806,"FXYD7/FXYD1/FXYD5/ATP1B3/ATP1B2",5
"GO:0050853","GO:0050853","B cell receptor signaling pathway","14/1188","78/18860",0.179487179487179,2.84943451610118,4.24365472208094,0.000329993588672422,0.0150950913382462,0.0130216093559806,"LYN/CD72/PLCL2/CD79B/PLCG2/CD79A/MEF2C/PRKCB/CD19/BTK/IGHG1/CD38/CTLA4/NCKAP1L",14
"GO:0048706","GO:0048706","embryonic skeletal system development","20/1188","136/18860",0.147058823529412,2.33462071697366,4.04997832671545,0.000334312940848891,0.0151630750798582,0.0130802547597077,"DLX5/DLX6/FGF9/OSR1/MTHFD1L/HOXA11/RDH10/HOXA2/SCX/HOXA3/NKX3-2/HOXA5/EXT1/HOXA7/FOXC2/HOXA9/PAX5/HOXA6/PRRX1/HOXA4",20
"GO:0021675","GO:0021675","nerve development","16/1188","97/18860",0.164948453608247,2.61862612378076,4.143868568519,0.000348959278766832,0.0156943702517654,0.0135385705145628,"NGF/CNGB1/POU4F1/SCN1A/ADARB1/GABRB3/EDN1/HOXA3/PHOX2A/CHD7/VCAM1/NPR2/NRTN/COL25A1/EXT1/EPHB1",16
"GO:0007200","GO:0007200","phospholipase C-activating G protein-coupled receptor signaling pathway","21/1188","147/18860",0.142857142857143,2.26791726791727,4.00131345344768,0.000359513618454141,0.0160343073830547,0.0138318134257883,"CHRM3/OPRK1/CCKBR/PRKD3/NRXN1/DGKG/EDN1/PLEK/FPR3/HTR2A/PRKCB/NMUR1/CMKLR1/TRHR/FPR2/GPR55/PLCB4/RGS2/PLCB1/C5AR1/GAP43",21
"GO:0042113","GO:0042113","B cell activation","34/1188","291/18860",0.116838487972509,1.85486017101137,3.81041272428712,0.000380424247099034,0.0168266989295375,0.0145153610071889,"LYN/CDKN2A/FZD9/THEMIS2/PLCL2/CD79B/PLCG2/IRF8/CD79A/SPIB/SPI1/MEF2C/HDAC9/CD86/LYL1/IL4I1/SH3KBP1/CD40/VCAM1/PRKCB/SFRP1/CD19/CR1/TNFRSF21/JAK3/SHLD1/IKZF3/PAX5/BTK/CD38/CTLA4/NCKAP1L/DOCK11/TNFSF13B",34
"GO:0007214","GO:0007214","gamma-aminobutyric acid signaling pathway","8/1188","30/18860",0.266666666666667,4.2334455667789,4.59542540401691,0.000406787232823211,0.0171942654468574,0.0148324380949407,"GABBR2/PLCL2/GABRE/GABRB1/GABRB3/PHF24/GABRA3/GABRG1",8
"GO:0060384","GO:0060384","innervation","8/1188","30/18860",0.266666666666667,4.2334455667789,4.59542540401691,0.000406787232823211,0.0171942654468574,0.0148324380949407,"POU4F1/ADARB1/GABRB3/EDN1/CHD7/VCAM1/NPR2/COL25A1",8
"GO:1901381","GO:1901381","positive regulation of potassium ion transmembrane transport","8/1188","30/18860",0.266666666666667,4.2334455667789,4.59542540401691,0.000406787232823211,0.0171942654468574,0.0148324380949407,"GAL/OPRK1/AKAP7/AKAP6/ATP1B3/KCNJ2/ATP1B2/NPPA",8
"GO:0071674","GO:0071674","mononuclear cell migration","29/1188","235/18860",0.123404255319149,1.95909449100938,3.83594071090833,0.000406861539700155,0.0171942654468574,0.0148324380949407,"LYN/CXCL17/IL34/FUT4/IL12A/DEFB124/SIRPA/CYP7B1/SPI1/TRPV4/PLA2G7/PTPRO/CCR1/CCL2/CXCR4/LRP12/MCOLN2/CCL26/CMKLR1/CCN3/FPR2/S100A7/EXT1/APOD/EDN2/IL6R/RIPOR2/PLCB1/C5AR1",29
"GO:0070588","GO:0070588","calcium ion transmembrane transport","38/1188","339/18860",0.112094395280236,1.77954570284954,3.75520728062439,0.000408344448064695,0.0171942654468574,0.0148324380949407,"CNGA1/LYN/RYR3/EPO/BIN1/TRPM6/NGF/ATP2B3/REM1/CNGB1/RYR2/PLCL2/PLCG2/P2RX7/UBASH3B/P2RX5/EDN1/AKAP6/TRPV4/PRNP/DMD/CHD7/JPH1/JPH2/MCOLN2/HTR2A/CD19/TRPV3/TMC1/PLCB4/GRM6/TRPM3/TRPM8/NOS1/PLCB1/NPPA/CHRNA10/NCS1",38
"GO:0034764","GO:0034764","positive regulation of transmembrane transport","25/1188","191/18860",0.130890052356021,2.07793466955771,3.88215879101082,0.000412288110224912,0.0171942654468574,0.0148324380949407,"GAL/OPRK1/FXYD7/LCN2/STAC/AKAP7/P2RX7/P2RX5/EDN1/FXYD1/AKAP6/FXYD5/CTSS/ACE2/JPH2/CD19/GH1/ATP1B3/KCNJ2/ATP1B2/GRM6/TERT/MAPK14/NOS1/NPPA",25
"GO:0045471","GO:0045471","response to ethanol","19/1188","128/18860",0.1484375,2.35650778619529,3.99263767329325,0.000413341406756376,0.0171942654468574,0.0148324380949407,"CLDN1/OPRK1/S100A8/PRKCA/MTCO2P12/PPARA/GSTP1/HPGD/S100B/SPI1/GLRA2/ACTC1/VCAM1/GNRH1/SOD2/SOX2/TBXA2R/RGS2/CA3",19
"GO:0045165","GO:0045165","cell fate commitment","35/1188","304/18860",0.115131578947368,1.82776227184122,3.77246254926117,0.000414658218759843,0.0171942654468574,0.0148324380949407,"WNT6/SOX6/SOX8/TOX/TBX19/HOXA11/GATA6/POU5F1/MYT1L/POU4F1/BCL11B/HOXA2/EDN1/MEF2C/WNT10A/HOXA13/PTCH1/NKX2-5/SFRP1/DMRT3/NFIB/JAK3/SOX2/ELF5/TLX3/EXT1/MESP1/FOXC2/IL23R/IL6R/LMO4/PRRX1/CYP26B1/GAP43/BMP2",35
"GO:0050665","GO:0050665","hydrogen peroxide biosynthetic process","6/1188","17/18860",0.352941176470588,5.60308972073678,4.92292903940185,0.000417648450689736,0.0171942654468574,0.0148324380949407,"DUOXA2/DUOXA1/DUOX2/NCF1/DUOX1/SOD2",6
"GO:0055008","GO:0055008","cardiac muscle tissue morphogenesis","12/1188","62/18860",0.193548387096774,3.07266210492017,4.23831497271398,0.000423499297376915,0.0173020476302385,0.0149254151731229,"FOXC1/POU4F1/RYR2/MYLK2/CHD7/ACTC1/NKX2-5/MYBPC3/TNNT2/FOXC2/TNNC1/BMP2",12
"GO:0006937","GO:0006937","regulation of muscle contraction","24/1188","181/18860",0.132596685082873,2.10502818237625,3.87311622755186,0.000440342189844063,0.0178538742427684,0.0154014421423928,"CHRM3/MYBPH/BIN1/REM1/RYR2/MYLK2/EDN1/TRPV4/DMD/DSC2/ACE2/JPH1/JPH2/NKX2-5/MYBPC3/TNNT2/KCNJ2/TBXA2R/EDN2/RGS2/TNNC1/NOS1/NPPA/ADORA2B",24
"GO:0006935","GO:0006935","chemotaxis","49/1188","474/18860",0.10337552742616,1.64113000610891,3.66535754544969,0.000444333851482374,0.0178802614521328,0.0154242047693051,"S100A8/LYN/S100A9/CXCL17/EFNA5/IL34/IL12A/ANGPT1/PTGDR2/DEFB124/GSTP1/CXCL1/EDN1/CYP7B1/SPI1/TRPV4/PLA2G7/S100A4/PTPRO/CCR1/CCL2/CXCL2/CXCR4/CCL8/FPR3/VCAM1/MET/CCL26/PPM1F/CMKLR1/CCN3/SUCNR1/FPR2/TREM1/S100A7/CNR2/CCR10/BIN2/NRG3/EDN2/EPHB1/IL6R/CXCL3/NCKAP1L/FES/RIPOR2/MAPK14/C5AR1/ENPP2",49
"GO:0030326","GO:0030326","embryonic limb morphogenesis","19/1188","129/18860",0.147286821705426,2.33824028397672,3.95433238314363,0.000456696144489296,0.0179866709573188,0.0155159977222092,"DLX5/EN1/HOXA10/DLX6/FGF9/OSR1/HOXA11/WDPCP/FBN2/RDH10/HOXA13/CHD7/PTCH1/PRICKLE1/HOXA9/HOXD13/GDF5/PRRX1/CYP26B1",19
"GO:0035113","GO:0035113","embryonic appendage morphogenesis","19/1188","129/18860",0.147286821705426,2.33824028397672,3.95433238314363,0.000456696144489296,0.0179866709573188,0.0155159977222092,"DLX5/EN1/HOXA10/DLX6/FGF9/OSR1/HOXA11/WDPCP/FBN2/RDH10/HOXA13/CHD7/PTCH1/PRICKLE1/HOXA9/HOXD13/GDF5/PRRX1/CYP26B1",19
"GO:0016055","GO:0016055","Wnt signaling pathway","50/1188","487/18860",0.102669404517454,1.62992000774342,3.65161132251954,0.000457060398018565,0.0179866709573188,0.0155159977222092,"WNT6/DLX5/TMEM131L/FGF9/FOXD1/ROR1/FZD9/POU5F1/BARX1/SNAI2/HECW1/AMER1/EGFR/PLCG2/MIR1260B/SOX30/SIX3/EDN1/FERMT1/FOXL1/PTPRO/WNT10A/GRK5/NKX2-5/SFRP1/MDFIC/GRB10/CCNE1/DAB2/HMGA2/WIF1/MARK1/TCF7L1/SOX2/CDH2/PRICKLE1/EDA/EXT1/ATP6V1C2/MESP1/DISC1/ZEB2/TERT/SCEL/MAPK14/TLR2/TLE4/NPPA/BMP2/FOLR1",50
"GO:0048708","GO:0048708","astrocyte differentiation","15/1188","90/18860",0.166666666666667,2.64590347923681,4.05805735449499,0.000471278299608786,0.0184108135730381,0.0158818795396399,"SOX8/S100A8/S100A9/BIN1/ROR1/CDK6/MIR142/S100B/HMGA2/ID4/FPR2/ZEB2/C5AR1/GAP43/BMP2",15
"GO:0042330","GO:0042330","taxis","49/1188","476/18860",0.102941176470588,1.63423450188156,3.6337750064646,0.000488699349148857,0.01895303562786,0.0163496212461242,"S100A8/LYN/S100A9/CXCL17/EFNA5/IL34/IL12A/ANGPT1/PTGDR2/DEFB124/GSTP1/CXCL1/EDN1/CYP7B1/SPI1/TRPV4/PLA2G7/S100A4/PTPRO/CCR1/CCL2/CXCL2/CXCR4/CCL8/FPR3/VCAM1/MET/CCL26/PPM1F/CMKLR1/CCN3/SUCNR1/FPR2/TREM1/S100A7/CNR2/CCR10/BIN2/NRG3/EDN2/EPHB1/IL6R/CXCL3/NCKAP1L/FES/RIPOR2/MAPK14/C5AR1/ENPP2",49
"GO:0046456","GO:0046456","icosanoid biosynthetic process","12/1188","63/18860",0.19047619047619,3.02388969055636,4.17193507643853,0.000493610969538134,0.0190057979062453,0.0163951360272189,"PLA2G4A/GGTA1/FABP5/PTGDS/CASP1/EDN1/PTGIS/PLA2G5/PTGS2/GGTLC3/NLRC4/EDN2",12
"GO:0043583","GO:0043583","ear development","29/1188","238/18860",0.121848739495798,1.93440002263532,3.76125568187322,0.0005019916050668,0.0190603349118966,0.0164421817566632,"DLX5/DLX6/FGF9/OSR1/MYO3B/ROR1/SOBP/OTX1/WDPCP/RDH10/HOXA2/USH1C/KCNQ4/GABRB3/EDN1/HOXA13/CHD7/NKX3-2/MAF/SOX2/TMC1/DIAPH3/TMIE/PRRX1/FOXI1/AHI1/CHRNA10/LRIG3/BMP2",29
"GO:0003208","GO:0003208","cardiac ventricle morphogenesis","13/1188","72/18860",0.180555555555556,2.86639543583988,4.11390572736434,0.000502150078956917,0.0190603349118966,0.0164421817566632,"FOXC1/POU4F1/RYR2/MEF2C/CHD7/NKX2-5/MYBPC3/TNNT2/MESP1/FOXC2/TNNC1/HEY1/EVA1A",13
"GO:0097623","GO:0097623","potassium ion export across plasma membrane","7/1188","24/18860",0.291666666666667,4.63033108866442,4.61404912332381,0.000517472014348122,0.019503593104163,0.0168245534094208,"KCNK5/WWP2/KCNT2/KCNIP1/KCNB1/KCNA5/NPPA",7
"GO:0048638","GO:0048638","regulation of developmental growth","37/1188","332/18860",0.11144578313253,1.7692487120198,3.66645406004697,0.00053981115258182,0.0202032817385867,0.0174281318750376,"FOXC1/MAP2/SPAAR/CPNE8/FGF9/NGF/DIO3/EFNA5/GATA6/PPARA/GHRHR/PLAC8/ITSN2/P2RX5/EDN1/AKAP6/HLX/MEF2C/CHD7/PTCH1/NKX2-5/MAP1B/SYT2/BCL11A/CPNE5/GH1/HMGA2/RASAL1/FOXC2/DISC1/YBX3/FOXS1/GDF5/RGS2/MAPK14/PLCB1/MT3",37
"GO:0009612","GO:0009612","response to mechanical stimulus","28/1188","228/18860",0.12280701754386,1.94961308996397,3.74032273803076,0.000548723993160271,0.0203942417457901,0.017592861359656,"PRKCA/CHI3L1/NRXN1/CASP1/RYR2/SCN1A/P2RX7/EDN1/TRPV4/SCX/PHF24/DMD/PTCH1/CD40/HTR2A/MAP1B/TMC1/CDH2/KCNJ2/KRT5/GDF5/DDR2/SCEL/MAPK14/KCNA5/GAP43/NPPA/CHRNA10",28
"GO:0019730","GO:0019730","antimicrobial humoral response","24/1188","184/18860",0.130434782608696,2.07070707070707,3.78409776928242,0.000560578604373009,0.0204274547161225,0.0176215121518593,"BPI/PI3/S100A9/GATA6/SLPI/PRSS3/CXCL1/KRT6A/RNASE6/CCL2/CXCL2/LGALS4/CCL8/SPON2/CCL26/LYZ/MMP7/S100A7/SPINK5/SLC11A1/IGHG1/CXCL3/ADM/IL36RN",24
"GO:0043367","GO:0043367","CD4-positive, alpha-beta T cell differentiation","17/1188","111/18860",0.153153153153153,2.4313707647041,3.92147342870526,0.00056561892695118,0.0204274547161225,0.0176215121518593,"TOX/IL12A/IL12RB2/HLX/RUNX3/CD80/CD86/CD83/SOCS1/JAK3/IL18/IL23R/IL6R/PLA2G2D/GPR65/NCKAP1L/NLRP3",17
"GO:0032615","GO:0032615","interleukin-12 production","12/1188","64/18860",0.1875,2.97664141414141,4.10685962190937,0.000573239653979012,0.0204274547161225,0.0176215121518593,"CLEC7A/DEFB124/PLCG2/IRF8/CD40/CMKLR1/JAK3/IL23R/IDO1/MAPK14/PLCB1/TLR2",12
"GO:0032655","GO:0032655","regulation of interleukin-12 production","12/1188","64/18860",0.1875,2.97664141414141,4.10685962190937,0.000573239653979012,0.0204274547161225,0.0176215121518593,"CLEC7A/DEFB124/PLCG2/IRF8/CD40/CMKLR1/JAK3/IL23R/IDO1/MAPK14/PLCB1/TLR2",12
"GO:0043370","GO:0043370","regulation of CD4-positive, alpha-beta T cell differentiation","12/1188","64/18860",0.1875,2.97664141414141,4.10685962190937,0.000573239653979012,0.0204274547161225,0.0176215121518593,"HLX/RUNX3/CD80/CD86/CD83/SOCS1/JAK3/IL18/IL23R/GPR65/NCKAP1L/NLRP3",12
"GO:0042063","GO:0042063","gliogenesis","39/1188","357/18860",0.109243697478992,1.73428967546615,3.63165976573991,0.000574499962159333,0.0204274547161225,0.0176215121518593,"SOX6/SOX8/S100A8/LYN/S100A9/BIN1/ROR1/DNER/IL34/ETV5/CDK6/NDRG1/GSTP1/SH3TC2/MIR142/S100B/RRAS2/CCL2/CXCR4/PLAG1/HMGA2/NFIB/TNFRSF21/SOX2/TSPO/CDH2/ID4/ADGRG6/FPR2/DISC1/ATP1B2/ZEB2/LGI4/PHGDH/CSPG4/TLR2/C5AR1/GAP43/BMP2",39
"GO:0014706","GO:0014706","striated muscle tissue development","45/1188","430/18860",0.104651162790698,1.66138125440451,3.59706379995196,0.000576335138664892,0.0204274547161225,0.0176215121518593,"FOXC1/SOX6/KLF5/SOX8/FOXN2/FGF9/DIPK2A/DNER/GATA6/ELN/PPARA/POU4F1/RYR2/MYLK2/EDN1/S100B/NEB/AKAP6/HLX/MEF2C/SCX/HDAC9/DMD/ADAMTS9/COL19A1/CHD7/ACTC1/JPH2/NKX2-5/MYBPC3/TNNT2/PRICKLE1/MESP1/FOXC2/PAX5/EPHB1/YBX3/CYP26B1/RGS2/TNNC1/FES/HEY1/MAPK14/NPPA/BMP2",45
"GO:0010001","GO:0010001","glial cell differentiation","31/1188","263/18860",0.11787072243346,1.87124732752109,3.68911833999027,0.000580861001330066,0.0204524215731481,0.017643049527934,"SOX6/SOX8/S100A8/LYN/S100A9/BIN1/ROR1/DNER/IL34/CDK6/NDRG1/GSTP1/SH3TC2/MIR142/S100B/CXCR4/HMGA2/NFIB/TNFRSF21/SOX2/CDH2/ID4/ADGRG6/FPR2/ZEB2/LGI4/PHGDH/TLR2/C5AR1/GAP43/BMP2",31
"GO:0002430","GO:0002430","complement receptor mediated signaling pathway","6/1188","18/18860",0.333333333333333,5.29180695847362,4.72321409181952,0.000593253474835894,0.020695608970871,0.0178528323786956,"RGCC/FPR3/CR1/CMKLR1/FPR2/C5AR1",6
"GO:0033273","GO:0033273","response to vitamin","15/1188","92/18860",0.16304347826087,2.58838383838384,3.95972545054065,0.00059933349125805,0.020695608970871,0.0178528323786956,"EPO/SNAI2/GSTP1/KYNU/BCHE/CD40/MAP1B/SFRP1/SOD2/TSPO/CYP24A1/GPRIN3/CYP26B1/FES/FOLR1",15
"GO:0033002","GO:0033002","muscle cell proliferation","30/1188","252/18860",0.119047619047619,1.88993105659772,3.68749537080623,0.000599368346503177,0.020695608970871,0.0178528323786956,"FOXC1/FGF9/PRKCA/DIPK2A/IL12A/GATA6/ANGPT1/ELN/GSTP1/HPGD/EDN1/RGCC/MEF2C/MIR140/ACE2/NKX2-5/SOD2/CCN3/SKP2/NDC80/IL18/APOD/FOXC2/EPHB1/IL6R/DDR2/TERT/FES/MAPK14/BMP2",30
"GO:0030178","GO:0030178","negative regulation of Wnt signaling pathway","24/1188","185/18860",0.12972972972973,2.05951405951406,3.75480149559551,0.000606576901326654,0.0208102536916683,0.0179517293469548,"TMEM131L/FGF9/BARX1/SNAI2/HECW1/AMER1/SOX30/SIX3/FERMT1/PTPRO/NKX2-5/SFRP1/GRB10/DAB2/HMGA2/WIF1/SOX2/CDH2/PRICKLE1/MESP1/MAPK14/TLE4/NPPA/BMP2",24
"GO:0060485","GO:0060485","mesenchyme development","38/1188","347/18860",0.109510086455331,1.73851871258211,3.60008321851785,0.00064098836798022,0.0218507627097461,0.0188493126514331,"FOXC1/SOX8/NCAM1/FGF9/OSR1/FOXD1/HAS2/GCNT2/SNAI2/RDH10/GLIPR2/AMER1/KBTBD8/EDN1/MIR142/RGCC/MEF2C/SCX/S100A4/WNT10A/ACTC1/NKX2-5/SFRP1/HOXA5/ACTG2/DAB2/HMGA2/NRTN/MARK1/CDH2/PRICKLE1/EXT1/MESP1/FOXC2/ZEB2/HEY1/BMP2/FOLR1",38
"GO:0090025","GO:0090025","regulation of monocyte chemotaxis","8/1188","32/18860",0.25,3.96885521885522,4.35799384475591,0.000653285993935969,0.0221290293642108,0.0190893562252043,"LYN/CXCL17/DEFB124/PLA2G7/CCR1/CCN3/FPR2/S100A7",8
"GO:0098661","GO:0098661","inorganic anion transmembrane transport","19/1188","133/18860",0.142857142857143,2.26791726791727,3.80458534741258,0.000671891744915652,0.0226161296779155,0.0195095477868259,"OCA2/SLC26A9/CLCN5/SLC6A2/SLC26A2/GABRP/SLC4A11/GABRE/GABRB1/CLCN4/GABRB3/FXYD1/ANO4/GLRA2/SLC26A7/SLC12A3/GABRA3/SLC26A4/GABRG1",19
"GO:0002697","GO:0002697","regulation of immune effector process","44/1188","421/18860",0.104513064133017,1.65918888009149,3.54655694545047,0.000678093403256417,0.0226822243389271,0.0195665635965963,"PRG2/LYN/S100A9/CLEC7A/IL12A/ANGPT1/RAET1L/PLCG2/IL13RA2/P2RX7/FCER2/NCF1/SPI1/HLX/CLEC4G/CLNK/CD80/CD86/PLA2G5/PVR/CD37/IL4I1/FCN3/CD40/HTR2A/SPON2/IL20RB/CR1/JAK3/IL18/SHLD1/SPINK5/A2M/CD1D/BTK/SERPINB9/IL23R/GPR65/NCKAP1L/FES/FCN1/CALHM6/NLRP3/ADORA2B",44
"GO:0032755","GO:0032755","positive regulation of interleukin-6 production","16/1188","103/18860",0.155339805825243,2.46608479618188,3.8683050282843,0.000693153153674992,0.0229981541407135,0.019839096857283,"IL1RL2/CLEC7A/DEFB124/POU2F2/PLCG2/RAB7B/P2RX7/IL1RAP/TLR1/TRPV4/SPON2/SIGLEC16/BTK/IL6R/TLR2/ADORA2B",16
"GO:0050900","GO:0050900","leukocyte migration","42/1188","397/18860",0.105793450881612,1.67951555860876,3.54787428543215,0.000696132468384827,0.0229981541407135,0.019839096857283,"S100A8/LYN/S100A9/CXCL17/IL34/FUT4/IL12A/CHST2/ADD2/DEFB124/SIRPA/EDN1/CYP7B1/SPI1/FAM3D/TRPV4/PLA2G7/PTPRO/CCR1/CCL2/CXCR4/LRP12/CCL8/MCOLN2/VCAM1/CCL26/CMKLR1/CCN3/FPR2/TREM1/S100A7/CNR2/EXT1/HOXA7/APOD/EDN2/IL6R/CXCL3/NCKAP1L/RIPOR2/PLCB1/C5AR1",42
"GO:0048738","GO:0048738","cardiac muscle tissue development","30/1188","255/18860",0.117647058823529,1.86769657357893,3.61699438584661,0.000728839542312825,0.0239309768739769,0.0206437858093901,"FOXC1/SOX6/FGF9/DIPK2A/GATA6/PPARA/POU4F1/RYR2/MYLK2/EDN1/NEB/AKAP6/MEF2C/ADAMTS9/CHD7/ACTC1/JPH2/NKX2-5/MYBPC3/TNNT2/PRICKLE1/MESP1/FOXC2/RGS2/TNNC1/FES/HEY1/MAPK14/NPPA/BMP2",30
"GO:0050864","GO:0050864","regulation of B cell activation","19/1188","134/18860",0.141791044776119,2.25099251218654,3.7679861608543,0.000737671759574173,0.0240732881539084,0.0207665490211317,"LYN/CDKN2A/THEMIS2/SPI1/MEF2C/IL4I1/SH3KBP1/CD40/SFRP1/CD19/CR1/TNFRSF21/SHLD1/IKZF3/BTK/CD38/CTLA4/NCKAP1L/TNFSF13B",19
"GO:0046638","GO:0046638","positive regulation of alpha-beta T cell differentiation","11/1188","57/18860",0.192982456140351,3.06367771280052,4.04566974695377,0.000747105196843684,0.0242333758394388,0.0209046468475687,"HLX/RUNX3/CD80/CD86/CD83/SOCS1/IL18/IL23R/GPR65/NCKAP1L/NLRP3",11
"GO:0045664","GO:0045664","regulation of neuron differentiation","25/1188","199/18860",0.125628140703518,1.99439960746493,3.65632443737755,0.000761329494447078,0.0245459967125347,0.0211743256984457,"SOX8/EPO/BIN1/NGF/DUOXA1/ETV5/BCL11B/UPF3B/HOXA2/SIX3/S100B/ALK/FUOM/MEF2C/DMD/NKX2-5/MAP1B/SFRP1/BCL11A/SOX2/TLX3/ID4/GDF5/HEY1/BMP2",25
"GO:0043410","GO:0043410","positive regulation of MAPK cascade","48/1188","474/18860",0.10126582278481,1.60763755700465,3.47388031014611,0.000794483848144352,0.0254615422471172,0.021964110671044,"OPRK1/FGF9/PRKCA/LYN/EPO/NGF/CHI3L1/NRXN1/CXCL17/RASSF2/GCNT2/ERN2/IL34/CLEC7A/ALKAL2/ANGPT1/MARCO/DOK5/MID1/CAVIN3/RB1CC1/GLIPR2/EGFR/PLCG2/P2RX7/EDN1/SPI1/MEF2C/TRPV4/DSC2/CCR1/PLA2G5/CD40/HTR2A/GH1/SOX2/CDH2/FPR2/S100A7/GPR55/IL6R/DDR2/GPBAR1/CSPG4/PLCB1/MT3/C5AR1/BMP2",48
"GO:0097305","GO:0097305","response to alcohol","32/1188","280/18860",0.114285714285714,1.81433381433381,3.5594535409316,0.000813571273163881,0.0258177835642305,0.0222714182032718,"CLDN1/PTGFR/OPRK1/S100A8/PRKCA/MTCO2P12/EFNA5/PPARA/PTGDR2/GSTP1/HPGD/GRAMD1B/S100B/SPI1/ADCY2/GLRA2/PTCH1/ACTC1/VCAM1/SFRP1/NPAS4/GNRH1/SOD2/SOX2/TSPO/TBXA2R/SLC12A3/UCN3/RGS2/SGK1/CA3/IGFBP7",32
"GO:2000516","GO:2000516","positive regulation of CD4-positive, alpha-beta T cell activation","10/1188","49/18860",0.204081632653061,3.23988181131038,4.07044509059326,0.000815247649916845,0.0258177835642305,0.0222714182032718,"HLX/CD80/CD86/CD83/SOCS1/IL18/IL23R/GPR65/NCKAP1L/NLRP3",10
"GO:0046068","GO:0046068","cGMP metabolic process","6/1188","19/18860",0.315789473684211,5.01329080276449,4.53785019443721,0.000821145847340777,0.0258516033821638,0.0223005924856758,"NPR3/GUCY2C/GUCY1B1/NPR2/PDE9A/NPPA",6
"GO:0006182","GO:0006182","cGMP biosynthetic process","5/1188","13/18860",0.384615384615385,6.10593110593111,4.77474530790312,0.000826028885534502,0.0258532549437465,0.0223020171865456,"NPR3/GUCY2C/GUCY1B1/NPR2/NPPA",5
"GO:0006874","GO:0006874","intracellular calcium ion homeostasis","34/1188","304/18860",0.111842105263158,1.77554049264576,3.5344658284968,0.000834764287533109,0.0259747585283558,0.0224068308758887,"LYN/RYR3/NGF/ATP2B3/CNGB1/FZD9/RYR2/RGN/PLCL2/PLCG2/P2RX7/UBASH3B/GPR12/EDN1/AKAP6/TRPV4/DMD/CCR1/CHD7/CCL8/JPH1/JPH2/CD40/HTR2A/PRKCB/CD19/GRIK2/CALB2/DISC1/EDN2/PLCB4/TRPM8/CTRC/PLCB1",34
"GO:0014033","GO:0014033","neural crest cell differentiation","15/1188","95/18860",0.157894736842105,2.50664540138224,3.81700973668212,0.000846378547977057,0.02614173706416,0.0225508730161683,"FOXC1/SOX8/SNAI2/RDH10/KBTBD8/EDN1/MEF2C/WNT10A/SFRP1/NRTN/CDH2/EXT1/FOXC2/ZEB2/FOLR1",15
"GO:0035107","GO:0035107","appendage morphogenesis","21/1188","157/18860",0.133757961783439,2.12346393875056,3.66503414696186,0.000870448622259766,0.02614173706416,0.0225508730161683,"DLX5/EN1/HOXA10/DLX6/FGF9/OSR1/HOXA11/WDPCP/FBN2/RDH10/HOXA13/CHD7/PTCH1/NPR2/PRICKLE1/EXT1/HOXA9/HOXD13/GDF5/PRRX1/CYP26B1",21
"GO:0035108","GO:0035108","limb morphogenesis","21/1188","157/18860",0.133757961783439,2.12346393875056,3.66503414696186,0.000870448622259766,0.02614173706416,0.0225508730161683,"DLX5/EN1/HOXA10/DLX6/FGF9/OSR1/HOXA11/WDPCP/FBN2/RDH10/HOXA13/CHD7/PTCH1/NPR2/PRICKLE1/EXT1/HOXA9/HOXD13/GDF5/PRRX1/CYP26B1",21
"GO:0032613","GO:0032613","interleukin-10 production","12/1188","67/18860",0.17910447761194,2.84335896276195,3.91898822434688,0.000879508229615212,0.02614173706416,0.0225508730161683,"PRG2/CLEC7A/PDCD1LG2/PLCG2/CD83/IL20RB/TNFRSF21/JAK3/TRIB2/BTK/IL23R/IDO1",12
"GO:0032653","GO:0032653","regulation of interleukin-10 production","12/1188","67/18860",0.17910447761194,2.84335896276195,3.91898822434688,0.000879508229615212,0.02614173706416,0.0225508730161683,"PRG2/CLEC7A/PDCD1LG2/PLCG2/CD83/IL20RB/TNFRSF21/JAK3/TRIB2/BTK/IL23R/IDO1",12
"GO:0035994","GO:0035994","response to muscle stretch","7/1188","26/18860",0.269230769230769,4.27415177415177,4.33150577206127,0.000880341989159322,0.02614173706416,0.0225508730161683,"RYR2/EDN1/DMD/CDH2/DDR2/MAPK14/NPPA",7
"GO:1901071","GO:1901071","glucosamine-containing compound metabolic process","7/1188","26/18860",0.269230769230769,4.27415177415177,4.33150577206127,0.000880341989159322,0.02614173706416,0.0225508730161683,"CHI3L1/MGAT3/CHI3L2/CHST2/RENBP/CHST3/CHST6",7
"GO:0070374","GO:0070374","positive regulation of ERK1 and ERK2 cascade","25/1188","201/18860",0.124378109452736,1.97455483525135,3.60151166770275,0.000881101806714935,0.02614173706416,0.0225508730161683,"PRKCA/EPO/NGF/CHI3L1/NRXN1/CXCL17/GCNT2/ALKAL2/ANGPT1/MARCO/CAVIN3/GLIPR2/EGFR/TRPV4/CCR1/PLA2G5/HTR2A/FPR2/S100A7/GPR55/DDR2/GPBAR1/MT3/C5AR1/BMP2",25
"GO:0042471","GO:0042471","ear morphogenesis","19/1188","136/18860",0.139705882352941,2.21788968112498,3.69575172193576,0.000885987586994327,0.02614173706416,0.0225508730161683,"DLX5/DLX6/FGF9/OSR1/MYO3B/SOBP/OTX1/WDPCP/HOXA2/USH1C/KCNQ4/EDN1/CHD7/NKX3-2/TMIE/PRRX1/FOXI1/CHRNA10/LRIG3",19
"GO:0006816","GO:0006816","calcium ion transport","45/1188","439/18860",0.10250569476082,1.62732104645544,3.44818228418922,0.000888975363542064,0.02614173706416,0.0225508730161683,"CNGA1/LYN/RYR3/EPO/BIN1/TRPM6/NGF/ATP2B3/REM1/CNGB1/RYR2/PLCL2/PLCG2/P2RX7/UBASH3B/P2RX5/EDN1/AKAP6/TRPV4/PRNP/DMD/CCR1/SPINK1/CCL2/CHD7/CCL8/CSN2/JPH1/JPH2/MCOLN2/HTR2A/PRKCB/CD19/TRPV3/TSPO/TMC1/PLCB4/GRM6/TRPM3/TRPM8/NOS1/PLCB1/NPPA/CHRNA10/NCS1",45
"GO:0006693","GO:0006693","prostaglandin metabolic process","10/1188","50/18860",0.2,3.17508417508418,3.99292701714347,0.000962397695123483,0.028146188329513,0.0242799901686028,"PLA2G4A/FABP5/PTGDS/GSTP1/HPGD/EDN1/PTGIS/AKR1B1/PTGS2/EDN2",10
"GO:0060415","GO:0060415","muscle tissue morphogenesis","13/1188","77/18860",0.168831168831169,2.68026586208404,3.83058925762013,0.000972095049539388,0.02827528644095,0.0243913551903876,"FOXC1/POU4F1/RYR2/MYLK2/ADARB1/CHD7/ACTC1/NKX2-5/MYBPC3/TNNT2/FOXC2/TNNC1/BMP2",13
"GO:0050920","GO:0050920","regulation of chemotaxis","26/1188","214/18860",0.121495327102804,1.92878945215394,3.54287655616658,0.000997193385094229,0.0288485351190503,0.0248858616615834,"LYN/CXCL17/IL34/IL12A/DEFB124/GSTP1/EDN1/SPI1/TRPV4/PLA2G7/PTPRO/CCR1/CCL2/MET/CCL26/PPM1F/CMKLR1/CCN3/SUCNR1/FPR2/S100A7/EDN2/IL6R/NCKAP1L/RIPOR2/C5AR1",26
"GO:0097530","GO:0097530","granulocyte migration","20/1188","148/18860",0.135135135135135,2.14532714532715,3.62681168653948,0.00100434573539025,0.0288802172267811,0.0249131918725242,"S100A8/S100A9/CXCL17/IL34/FUT4/EDN1/FAM3D/TRPV4/CCL2/CCL8/MCOLN2/CCL26/CMKLR1/TREM1/S100A7/EDN2/CXCL3/NCKAP1L/RIPOR2/C5AR1",20
"GO:0072593","GO:0072593","reactive oxygen species metabolic process","28/1188","237/18860",0.118143459915612,1.87557714983875,3.5169684281323,0.00100908083359642,0.0288802172267811,0.0249131918725242,"SOD3/DUOXA2/LCN2/DUOXA1/CLEC7A/PPARA/CRYAB/NCF4/GSTP1/PLCG2/SIRPA/P2RX7/DUOX2/EDN1/NCF1/NCF1C/PID1/ACE2/NCF1B/DUOX1/SOD2/TSPO/FPR2/CRP/CA3/MAPK14/MT3/HP",28
"GO:0006970","GO:0006970","response to osmotic stress","14/1188","87/18860",0.160919540229885,2.55466542822865,3.76837771158554,0.00102870644890817,0.0292853027370029,0.025262634294016,"EPO/CASP1/SLC4A11/PAPPA2/LRRC8C/TRPV4/AKR1B1/TRPV3/PTGS2/TSPO/SCN2A/YBX3/RCSD1/NLRP3",14
"GO:0006942","GO:0006942","regulation of striated muscle contraction","16/1188","107/18860",0.149532710280374,2.37389471034331,3.69517203594616,0.00105712918729957,0.0299352138117847,0.0258232727123137,"MYBPH/BIN1/REM1/RYR2/TRPV4/DMD/DSC2/ACE2/JPH1/JPH2/NKX2-5/MYBPC3/KCNJ2/RGS2/NOS1/NPPA",16
"GO:1902307","GO:1902307","positive regulation of sodium ion transmembrane transport","6/1188","20/18860",0.3,4.76262626262626,4.36506113126124,0.00111102535296002,0.0311537042915478,0.0268743897063033,"FXYD7/FXYD1/FXYD5/ATP1B3/ATP1B2/NOS1",6
"GO:0045619","GO:0045619","regulation of lymphocyte differentiation","27/1188","227/18860",0.118942731277533,1.88826591910292,3.49091468554825,0.00111180073237773,0.0311537042915478,0.0268743897063033,"TMEM131L/TOX/CDKN2A/IL1RL2/SPI1/HLX/RUNX3/CLEC4G/CD80/CD86/IL4I1/CD83/SFRP1/SOCS1/CR1/JAK3/IL18/VNN1/SPINK5/IKZF3/BTK/IL23R/GPR65/CTLA4/CYP26B1/NCKAP1L/NLRP3",27
"GO:0045624","GO:0045624","positive regulation of T-helper cell differentiation","7/1188","27/18860",0.259259259259259,4.1158498565906,4.20071628273615,0.00112451060801657,0.0313457331984619,0.0270400412651353,"HLX/CD80/CD86/IL18/IL23R/GPR65/NLRP3",7
"GO:0072001","GO:0072001","renal system development","36/1188","334/18860",0.107784431137725,1.7111232081292,3.39978892755867,0.00116699565982266,0.0323614547739424,0.0279162419633608,"FOXC1/WNT6/KIRREL3/SOX8/SERPINB7/OSR1/FOXD1/ANKS6/HAS2/HOXA11/ODC1/WDPCP/ANGPT1/DDC/CRLF1/DCHS2/RDH10/AMER1/HPGD/EDN1/SLC22A1/MEF2C/PTPRO/SIM1/PTCH1/SFRP1/AKR1B1/PRKX/PRICKLE1/EXT1/FOXC2/IL6R/CYP26B1/C1GALT1/AHI1/BMP2",36
"GO:0001822","GO:0001822","kidney development","35/1188","323/18860",0.108359133126935,1.72024684408585,3.38522546655154,0.00123622650804324,0.0341045580981826,0.0294199102782293,"FOXC1/WNT6/KIRREL3/SOX8/SERPINB7/OSR1/FOXD1/ANKS6/HAS2/HOXA11/ODC1/WDPCP/ANGPT1/DDC/CRLF1/DCHS2/RDH10/AMER1/HPGD/EDN1/SLC22A1/MEF2C/PTPRO/SIM1/PTCH1/SFRP1/AKR1B1/PRKX/EXT1/FOXC2/IL6R/CYP26B1/C1GALT1/AHI1/BMP2",35
"GO:0009620","GO:0009620","response to fungus","13/1188","79/18860",0.164556962025316,2.61241103013255,3.72352821323756,0.00124279009750343,0.0341098082145557,0.0294244392315792,"PTX3/S100A8/S100A9/CLEC7A/COTL1/PLCG2/NCF1/SPI1/PLA2G5/SPON2/ZBP1/BTK/IL36RN",13
"GO:0097553","GO:0097553","calcium ion transmembrane import into cytosol","24/1188","195/18860",0.123076923076923,1.95389795389795,3.47160196030167,0.00127988087948083,0.0349485840152111,0.030147999663818,"LYN/RYR3/EPO/NGF/RYR2/PLCL2/PLCG2/P2RX7/UBASH3B/P2RX5/AKAP6/TRPV4/PRNP/DMD/CHD7/JPH1/JPH2/HTR2A/CD19/TRPV3/PLCB4/GRM6/NOS1/PLCB1",24
"GO:0098656","GO:0098656","monoatomic anion transmembrane transport","20/1188","151/18860",0.132450331125828,2.10270475171137,3.52733844074715,0.00129046853666062,0.0350588203462318,0.03024309378463,"OCA2/SLC26A9/CLCN5/SLC6A2/SLC26A2/GABRP/GABRE/GABRB1/CLCN4/GABRB3/P2RX5/LRRC8C/FXYD1/ANO4/GLRA2/SLC26A7/SLC12A3/GABRA3/SLC26A4/GABRG1",20
"GO:0007517","GO:0007517","muscle organ development","39/1188","373/18860",0.10455764075067,1.65989655265795,3.33750368608174,0.00132011117437698,0.0355565502735309,0.0306724548618729,"FOXC1/SOX6/KLF5/SOX8/FOXN2/CHODL/DNER/ELN/CRYAB/POU4F1/RYR2/MYLK2/ADARB1/S100B/NEB/TAGLN/HLX/MEF2C/SCX/HDAC9/DMD/COL19A1/CHD7/JPH1/ACTC1/JPH2/NKX2-5/MYBPC3/SGCA/TNNT2/FOXC2/PAX5/EPHB1/YBX3/CYP26B1/TNNC1/RIPOR2/MAPK14/BMP2",39
"GO:0006692","GO:0006692","prostanoid metabolic process","10/1188","52/18860",0.192307692307692,3.05296555296555,3.84358708339763,0.00132207651428114,0.0355565502735309,0.0306724548618729,"PLA2G4A/FABP5/PTGDS/GSTP1/HPGD/EDN1/PTGIS/AKR1B1/PTGS2/EDN2",10
"GO:0048863","GO:0048863","stem cell differentiation","30/1188","265/18860",0.113207547169811,1.79721745759482,3.38864711709812,0.00135389116067406,0.036230127459638,0.0312535085827181,"FOXC1/SOX6/SOX8/OSR1/GATA6/SHC4/SNAI2/CDK6/RDH10/SLC4A11/KBTBD8/EDN1/LBH/MEF2C/WNT10A/KRT14/NKX2-5/SFRP1/HMGA2/NRTN/SMAD9/CDH2/PRICKLE1/EXT1/HOXA7/FOXC2/A2M/ZEB2/MAPK14/FOLR1",30
"GO:0002687","GO:0002687","positive regulation of leukocyte migration","20/1188","152/18860",0.131578947368421,2.08887116781854,3.49469525885401,0.00140013297700643,0.0372811527011862,0.0321601635881132,"CXCL17/IL34/FUT4/IL12A/DEFB124/EDN1/SPI1/TRPV4/PLA2G7/CCR1/CCL2/CCL8/CMKLR1/FPR2/S100A7/EDN2/IL6R/NCKAP1L/RIPOR2/C5AR1",20
"GO:0021846","GO:0021846","cell proliferation in forebrain","7/1188","28/18860",0.25,3.96885521885522,4.07609700570736,0.00141875536183481,0.0375899935472273,0.0324265816415189,"DCT/SIX3/LHX5/HMGA2/NFIB/DISC1/ZEB2",7
"GO:0090257","GO:0090257","regulation of muscle system process","30/1188","266/18860",0.112781954887218,1.79046100098732,3.36635220508502,0.00143656766315342,0.0378675042408896,0.032665973094277,"CHRM3/MYBPH/PRKCA/BIN1/NPR3/REM1/PPARA/RYR2/MYLK2/EDN1/AKAP6/TRPV4/FBXO32/DMD/DSC2/ACE2/JPH1/JPH2/NKX2-5/MYBPC3/TNNT2/KCNJ2/TBXA2R/EDN2/PDE9A/RGS2/TNNC1/NOS1/NPPA/ADORA2B",30
"GO:0140115","GO:0140115","export across plasma membrane","15/1188","100/18860",0.15,2.38131313131313,3.59087611732314,0.00144839109449684,0.0378675042408896,0.032665973094277,"FXYD7/KCNK5/ATP2B3/WWP2/FXYD1/KCNT2/FXYD5/SLC30A2/KCNIP1/KCNB1/ATP1B3/TMEM163/ATP1B2/KCNA5/NPPA",15
"GO:0003007","GO:0003007","heart morphogenesis","31/1188","278/18860",0.111510791366906,1.77028074510089,3.35467081995805,0.00145045559966038,0.0378675042408896,0.032665973094277,"FOXC1/TBX19/HAS2/GATA6/ELN/POU5F1/SNAI2/DCHS2/POU4F1/RYR2/MYLK2/EDN1/MEF2C/ADAMTS19/CHD7/PTCH1/ACTC1/NKX2-5/MYBPC3/TNNT2/ADGRG6/PRICKLE1/EXT1/MESP1/FOXC2/TNNC1/HEY1/EVA1A/AHI1/BMP2/FOLR1",31
"GO:0002524","GO:0002524","hypersensitivity","6/1188","21/18860",0.285714285714286,4.53583453583454,4.20336745047361,0.00147328241667019,0.0380918236426031,0.032859479682255,"FCGR1BP/IL20RB/EXT1/FCGR2C/BTK/IGHG1",6
"GO:0010759","GO:0010759","positive regulation of macrophage chemotaxis","6/1188","21/18860",0.285714285714286,4.53583453583454,4.20336745047361,0.00147328241667019,0.0380918236426031,0.032859479682255,"CXCL17/IL34/TRPV4/CCL2/CMKLR1/C5AR1",6
"GO:0002274","GO:0002274","myeloid leukocyte activation","29/1188","255/18860",0.113725490196078,1.8054400211263,3.35747785949392,0.00150413116229301,0.0387024518297701,0.0333862311630421,"BPI/TAFA3/LYN/PLA2G4A/PTGDS/NDRG1/PLCG2/IL13RA2/FCER2/MIR142/TLR1/BATF3/SPI1/CLNK/CD37/CTSC/SUCNR1/IL18/FPR2/CNR2/SLC11A1/EDN2/BTK/LCP2/NMI/ITGB8/FES/C5AR1/ADORA2B",29
"GO:0071621","GO:0071621","granulocyte chemotaxis","17/1188","121/18860",0.140495867768595,2.23043103208392,3.5204765387153,0.00151773709793398,0.038865688747094,0.0335270456385717,"S100A8/S100A9/CXCL17/IL34/EDN1/TRPV4/CCL2/CCL8/CCL26/CMKLR1/TREM1/S100A7/EDN2/CXCL3/NCKAP1L/RIPOR2/C5AR1",17
"GO:0071622","GO:0071622","regulation of granulocyte chemotaxis","10/1188","53/18860",0.188679245283019,2.99536242932469,3.77159162154931,0.0015391146438462,0.0392254360660233,0.033837377583506,"CXCL17/IL34/EDN1/TRPV4/CCL2/CMKLR1/S100A7/NCKAP1L/RIPOR2/C5AR1",10
"GO:0002761","GO:0002761","regulation of myeloid leukocyte differentiation","18/1188","132/18860",0.136363636363636,2.16483011937557,3.48199831170289,0.00158227133792809,0.0401342000028016,0.0346213124876658,"PRKCA/LYN/PPARGC1B/RASSF2/IL34/CDK6/POU4F1/UBASH3B/SLC9B2/CEBPB/CCR1/SFRP1/HOXA7/GPR55/IL23R/PRDM16/FES/HCLS1",18
"GO:0008544","GO:0008544","epidermis development","41/1188","402/18860",0.101990049751244,1.61913496490611,3.25334961060829,0.00161766101725858,0.0407829364511677,0.0351809376278069,"FOXC1/GAL/CLDN1/KRT16/DCT/CDKN2A/HPSE/GATA6/WDPCP/TCHH/PPARA/FABP5/PKP1/BCL11B/EGFR/USH1C/YBX1/FERMT1/TGM1/KRT6A/CSTA/WNT10A/KRT14/PTCH1/GORAB/MET/KRT6B/TMC1/IL18/S100A7/HRNR/EDA/EXT1/HOXA7/SPINK5/KRT9/KRT5/KRT78/LIPK/CYP26B1/SCEL",41
"GO:0046632","GO:0046632","alpha-beta T cell differentiation","19/1188","143/18860",0.132867132867133,2.1093216547762,3.4524872906688,0.00162308771750723,0.0407829364511677,0.0351809376278069,"TOX/IL12A/BCL11B/IL12RB2/HLX/RUNX3/CD80/CD86/TNFSF8/CD83/SOCS1/JAK3/IL18/IL23R/IL6R/PLA2G2D/GPR65/NCKAP1L/NLRP3",19
"GO:0002822","GO:0002822","regulation of adaptive immune response based on somatic recombination of immune receptors built from immunoglobulin superfamily domains","25/1188","210/18860",0.119047619047619,1.88993105659772,3.36241482158623,0.00164463255482602,0.0409845193528131,0.0353548308318461,"PLA2G4A/CLEC7A/IL12A/RAET1L/P2RX7/FCER2/HLX/MEF2C/CLEC4G/CD80/PVR/IL4I1/CD40/IL20RB/CR1/JAK3/IL18/SHLD1/SLC11A1/CD1D/BTK/IL23R/NCKAP1L/TNFSF13B/NLRP3",25
"GO:0045807","GO:0045807","positive regulation of endocytosis","21/1188","165/18860",0.127272727272727,2.0205081114172,3.41366105527462,0.00164642594560068,0.0409845193528131,0.0353548308318461,"LYAR/PTX3/ABCA13/BIN1/FCGR1BP/CLEC7A/ANGPT1/PLCG2/SIRPA/TUB/PLA2G5/CCL2/FCN3/DAB2/FPR2/FCGR2C/SLC11A1/BTK/NCKAP1L/FCN1/AHI1",21
"GO:0001666","GO:0001666","response to hypoxia","34/1188","317/18860",0.107255520504732,1.70272652922495,3.27152829169837,0.00171023943018514,0.0423759325479208,0.0365551176451854,"SOD3/EPO/DIO3/LCN2/MTCO2P12/GATA6/PPARA/CRYAB/NDRG1/RYR2/PDK1/EDN1/S100B/RGCC/PTGIS/MIR140/TRPV4/CXCR4/VCAM1/SFRP1/SOD2/PTGS2/SOX2/SCN2A/UCN3/DDR2/CD38/TERT/CA3/NOS1/MT3/KCNA5/NPPA/BMP2",34
"GO:0009158","GO:0009158","ribonucleoside monophosphate catabolic process","5/1188","15/18860",0.333333333333333,5.29180695847362,4.31134162710575,0.0017337177285399,0.0425635655190164,0.0367169770998359,"UPP1/UPP2/GDA/NT5C1A/NT5E",5
"GO:0043374","GO:0043374","CD8-positive, alpha-beta T cell differentiation","5/1188","15/18860",0.333333333333333,5.29180695847362,4.31134162710575,0.0017337177285399,0.0425635655190164,0.0367169770998359,"TOX/RUNX3/TNFSF8/SOCS1/NCKAP1L",5
"GO:0032635","GO:0032635","interleukin-6 production","22/1188","177/18860",0.124293785310734,1.97321615400711,3.37285238486647,0.00175882108574609,0.042787320231423,0.0369099965649873,"BPI/IL1RL2/CLEC7A/DEFB124/POU2F2/PLCG2/RAB7B/SIRPA/P2RX7/IL1RAP/TLR1/MIR140/TRPV4/CEBPB/SPON2/SIGLEC16/BTK/IL6R/NCKAP1L/TLR2/IL36RN/ADORA2B",22
"GO:0032675","GO:0032675","regulation of interleukin-6 production","22/1188","177/18860",0.124293785310734,1.97321615400711,3.37285238486647,0.00175882108574609,0.042787320231423,0.0369099965649873,"BPI/IL1RL2/CLEC7A/DEFB124/POU2F2/PLCG2/RAB7B/SIRPA/P2RX7/IL1RAP/TLR1/MIR140/TRPV4/CEBPB/SPON2/SIGLEC16/BTK/IL6R/NCKAP1L/TLR2/IL36RN/ADORA2B",22
"GO:0070169","GO:0070169","positive regulation of biomineral tissue development","10/1188","54/18860",0.185185185185185,2.93989275470757,3.70127270193105,0.00178417179720717,0.0430612085830434,0.0371462632454623,"WNT6/OSR1/FBN2/FZD9/P2RX7/MEF2C/CEBPB/AMTN/ENAM/BMP2",10
"GO:0036293","GO:0036293","response to decreased oxygen levels","35/1188","330/18860",0.106060606060606,1.68375675951434,3.24896918409745,0.00178617120804104,0.0430612085830434,0.0371462632454623,"SOD3/EPO/DIO3/LCN2/MTCO2P12/GATA6/PPARA/CRYAB/NDRG1/RYR2/PDK1/EDN1/S100B/RGCC/PTGIS/MIR140/TRPV4/CXCR4/VCAM1/SFRP1/SOD2/PTGS2/SOX2/SCN2A/ZEB2/UCN3/DDR2/CD38/TERT/CA3/NOS1/MT3/KCNA5/NPPA/BMP2",35
"GO:0006910","GO:0006910","phagocytosis, recognition","8/1188","37/18860",0.216216216216216,3.43252343252343,3.84006143612411,0.00181191248283977,0.0433065361938777,0.0373578923267932,"PTX3/CLEC7A/TUB/PLA2G5/FCN3/SPON2/CRP/FCN1",8
"GO:0009636","GO:0009636","response to toxic substance","30/1188","270/18860",0.111111111111111,1.76393565282454,3.2781110771512,0.00181253066282298,0.0433065361938777,0.0373578923267932,"CLDN1/SOD3/PRKCA/LYN/S100A9/TRPM6/LCN2/DDC/SLC6A14/MT1X/GUCY2C/CP/RAB29/GSTP1/GABRB1/DUOX2/EDN1/SLC22A1/ADH4/MAP1B/DUOX1/ABTB2/SOD2/PTGS2/SRD5A1/SLC11A1/GPX7/FMC1/MT3/HP",30
"GO:0055074","GO:0055074","calcium ion homeostasis","35/1188","331/18860",0.105740181268882,1.6786698810868,3.22976765786971,0.0018799119643043,0.0446522773375295,0.0385187806628913,"LYN/RYR3/NGF/ATP2B3/CNGB1/FZD9/RYR2/RGN/PLCL2/PLCG2/P2RX7/UBASH3B/GPR12/EDN1/AKAP6/TRPV4/DMD/CCR1/CHD7/CCL8/JPH1/JPH2/CD40/HTR2A/PRKCB/CD19/GRIK2/CALB2/NT5E/DISC1/EDN2/PLCB4/TRPM8/CTRC/PLCB1",35
"GO:0002065","GO:0002065","columnar/cuboidal epithelial cell differentiation","16/1188","113/18860",0.141592920353982,2.24784720359942,3.44952614785917,0.00189856208890808,0.0446522773375295,0.0385187806628913,"KLF5/GATA6/PKP1/DEUP1/ROS1/CEBPB/MAP1B/NKX3-2/HOXA5/NFIB/CDH2/EXT1/ENAM/CEP152/C1GALT1/BMP2",16
"GO:0007584","GO:0007584","response to nutrient","21/1188","167/18860",0.125748502994012,1.99631040948406,3.3530350991929,0.0019137820885373,0.0446522773375295,0.0385187806628913,"EPO/LIPG/PPARA/SNAI2/GSTP1/SLC16A1/KYNU/BCHE/CD40/VCAM1/MAP1B/SFRP1/SOD2/MAF/TSPO/CYP24A1/TBXA2R/GPRIN3/CYP26B1/FES/FOLR1",21
"GO:0008277","GO:0008277","regulation of G protein-coupled receptor signaling pathway","21/1188","167/18860",0.125748502994012,1.99631040948406,3.3530350991929,0.0019137820885373,0.0446522773375295,0.0385187806628913,"NMT2/PRKCA/NRXN1/PTGDR2/RGS20/RGS6/EDN1/MRAP2/ALK/PLEK/PHF24/TUB/PDE3A/GRK5/GPR158/MET/RGS2/ADM/KLK6/NOS1/PLCB1",21
"GO:0036376","GO:0036376","sodium ion export across plasma membrane","6/1188","22/18860",0.272727272727273,4.32966023875115,4.05152537510395,0.00191891326375781,0.0446522773375295,0.0385187806628913,"FXYD7/FXYD1/FXYD5/ATP1B3/ATP1B2/NPPA",6
"GO:0150078","GO:0150078","positive regulation of neuroinflammatory response","6/1188","22/18860",0.272727272727273,4.32966023875115,4.05152537510395,0.00191891326375781,0.0446522773375295,0.0385187806628913,"TAFA3/PLCG2/MIR142/CCR1/CTSC/IL18",6
"GO:0007015","GO:0007015","actin filament organization","46/1188","469/18860",0.0980810234541578,1.55707752722678,3.16755443810219,0.00193000773587434,0.0447160233870107,0.0385737704695596,"CCDC88A/MYO1H/BIN1/CYRIA/CALD1/ELN/ADD2/COTL1/FAM171A1/TPM2/TMSB15A/PALM2AKAP2/FSCN1/S100A10/DSG3/USH1C/DIAPH2/NEB/RGCC/ERMN/PLEK/TRPV4/PAK3/GMFG/SH3KBP1/ACTC1/SFRP1/ADD3/MET/CCL26/PPM1F/WIPF1/LCP1/TRPV3/AIF1L/ESPNL/DIAPH3/RND3/ZEB2/GPR65/MICAL3/NCKAP1L/PLS3/SPTB/HCLS1/POF1B",46
"GO:0060419","GO:0060419","heart growth","15/1188","103/18860",0.145631067961165,2.31195449642052,3.46162799628001,0.00195778622726767,0.0451641029669679,0.0389603012377313,"FOXC1/FGF9/DIPK2A/GATA6/PPARA/EDN1/AKAP6/MEF2C/NKX2-5/MESP1/FOXC2/RGS2/FES/MAPK14/NPPA",15
"GO:0050673","GO:0050673","epithelial cell proliferation","48/1188","496/18860",0.0967741935483871,1.53633105246008,3.13844728050743,0.00204868935534722,0.0469781595681514,0.0405251765923043,"DLX5/CLDN1/DLX6/ST8SIA1/FGF9/PRKCA/OSR1/HAS2/CDKN2A/SERPINB5/IL12A/GATA6/SNAI2/CDK6/BCL11B/EGFR/FABP7/NCF1/CYP7B1/FERMT1/RGCC/TGM1/HLX/MEF2C/RUNX3/CEBPB/SLURP1/CCL2/PTCH1/NKX2-5/SFRP1/CCL26/HOXA5/CCN3/DAB2/HMGA2/MMP12/NFIB/KLK8/PRKX/FMC1/ODAM/BTK/ZEB2/GDF5/GPBAR1/C5AR1/FGFBP1",48
"GO:0008016","GO:0008016","regulation of heart contraction","26/1188","225/18860",0.115555555555556,1.83449307893752,3.26493093457309,0.00205397782865236,0.0469781595681514,0.0405251765923043,"BIN1/ATP2B3/TMEM65/RYR2/EDN1/FXYD1/HCN1/DMD/DSC2/GLP1R/ACE2/KCNIP1/JPH1/JPH2/NKX2-5/MYBPC3/TNNT2/KCNJ2/EDN2/ATP1B2/CELF2/RGS2/ADM/NOS1/KCNA5/NPPA",26
"GO:0050890","GO:0050890","cognition","35/1188","333/18860",0.105105105105105,1.66858777969889,3.19155769345367,0.00208023964308948,0.0473763513609145,0.040868672226609,"EN1/OPRK1/PRKCA/ELAVL4/RP9/LCN2/PTCHD1/NRXN1/SOBP/MGAT3/B3GAT1/FZD9/SORCS3/VLDLR/EGFR/GABRB3/S100B/MEF2C/KCNAB1/PRNP/CEBPB/GLP1R/CHD7/BCHE/GPR158/HTR2A/NPAS4/KLK8/SCN2A/NRGN/CSMD1/SGK1/PLCB1/TLR2/C5AR1",35
"GO:0043268","GO:0043268","positive regulation of potassium ion transport","8/1188","38/18860",0.210526315789474,3.34219386850966,3.74719636967218,0.00217034707975945,0.0492190575036973,0.0424582617833405,"GAL/OPRK1/AKAP7/AKAP6/ATP1B3/KCNJ2/ATP1B2/NPPA",8
"GO:0042100","GO:0042100","B cell proliferation","14/1188","94/18860",0.148936170212766,2.36442438570098,3.4383671005581,0.0022021981006348,0.0497306507788921,0.0428995819204273,"LYN/CDKN2A/PLCL2/CD79A/MEF2C/CD40/CD19/TNFRSF21/IKZF3/BTK/CD38/CTLA4/NCKAP1L/TNFSF13B",14
